Username,Movie Name,Year,Rating10,Watched Date,Rating5
user_13,The Lord of the Rings: The Two Towers,2002,4,2024-03-16,
user_46,Gladiator,2000,4,2024-01-18,
user_02,Ex Machina,2014,7,2024-08-09,
user_32,Mulholland Drive,2001,6,2024-08-26,
user_45,Sideways,2004,,2024-12-13,
user_27,Priscilla,2023,6,2024-09-06,
user_24,Furiosa: A Mad Max Saga,2024,6,2024-04-28,
user_06,Easy Rider,1969,6,2024-03-09,
user_40,The Godfather,1972,7,2024-12-14,
user_16,Janet Planet,2023,7,2024-01-13,
user_41,Manchester by the Sea,2016,5,2024-09-20,
user_34,Guardians of the Galaxy,2014,6,2024-10-11,
user_40,Guardians of the Galaxy,2014,8,2024-09-23,
user_42,The Worst Person in the World,2021,7,2024-02-02,
user_05,First Reformed,2017,8,2024-04-24,
maya,Phantom Thread,2017,10,2024-10-08,
user_22,Booksmart,2019,8,2024-07-23,
user_34,Ex Machina,2014,6,2024-08-05,
user_16,Schindler's List,1993,4,2024-08-15,
user_22,How to Have Sex,2023,6,2024-07-21,
user_27,Inside Out,2015,10,2024-07-25,
user_22,A Real Pain,2024,8,2024-01-04,
user_22,Memento,2000,6,2024-11-23,
user_27,Deadpool,2016,7,2024-12-26,
user_23,A Star Is Born,2018,8,2024-10-16,
user_22,The Grand Budapest Hotel,2014,7,2024-01-22,
user_05,All Dirt Roads Taste of Salt,2023,6,2024-06-19,
user_29,District 9,2009,5,2024-10-20,
user_13,Frozen,2013,6,2024-01-03,
user_40,First Reformed,2017,4,2024-11-07,
user_19,Nomadland,2020,8,2024-11-22,
user_13,Moonlight,2016,7,2024-12-15,
user_22,The Ice Storm,1997,8,2024-11-03,
user_40,The Theory of Everything,2014,8,2024-07-09,
user_05,Coco,2017,7,2024-09-10,
user_03,Harry Potter and the Prisoner of Azkaban,2004,7,2024-05-13,
user_20,Eraserhead,1977,9,2024-01-09,
user_37,Septet: The Story of Hong Kong,2020,10,2024-06-22,
riley,Sideways,2004,7,2024-01-06,
user_25,The Sting,1973,7,2024-05-28,
user_03,Terms of Endearment,1983,9,2024-03-01,
user_13,Anatomy of a Fall,2023,8,2024-03-25,
user_08,The Godfather,1972,4,2024-06-20,
user_23,The Lord of the Rings: The Return of the King,2003,7,2024-10-12,
user_11,Inside Out,2015,6,2024-08-06,
user_06,Children of Men,2006,4,2024-01-14,
riley,Crash,2004,6,2024-01-01,
user_29,Dune,2021,5,2024-06-21,
user_10,Martha Marcy May Marlene,2011,6,2024-06-01,
user_37,Casino Royale,2006,7,2024-11-03,
user_11,Inside Out 2,2024,7,2024-12-03,
user_46,Crash,2004,6,2024-04-15,
user_41,Easy Rider,1969,6,2024-04-14,
user_17,The Dark Knight Rises,2012,8,2024-04-11,
user_28,Star Wars,1977,4,2024-12-09,
user_22,Little Miss Sunshine,2006,8,2024-12-12,
user_41,Little Miss Sunshine,2006,6,2024-03-15,
user_22,Transformers,2007,6,2024-08-24,
user_02,Origin,2023,10,2024-04-02,
user_16,Rocky,1976,3,2024-10-03,
user_09,Her,2013,9,2024-06-13,
user_35,Oliver!,1968,9,2024-01-19,
user_32,Barbie,2023,9,2024-06-13,
user_16,American Beauty,1999,7,2024-01-05,
user_12,Children of Men,2006,5,2024-09-27,
user_40,The Prestige,2006,6,2024-05-27,
user_20,Marty,1955,6,2024-04-16,
user_14,Aftersun,2022,7,2024-05-06,
user_31,Forrest Gump,1994,6,2024-07-16,
user_31,A Star Is Born,2018,8,2024-04-28,
user_27,Boogie Nights,1997,5,2024-10-14,
user_32,The Wolf of Wall Street,2013,8,2024-04-23,
user_10,Coco,2017,7,2024-11-13,
user_32,One Flew Over the Cuckoo's Nest,1975,9,2024-02-02,
user_08,Gandhi,1982,5,2024-12-25,
user_25,Rocky,1976,7,2024-07-01,
user_19,Women Talking,2022,7,2024-10-07,
user_33,The Blair Witch Project,1999,9,2024-06-25,
user_24,Harry Potter and the Sorcerer's Stone,2001,6,2024-11-09,
user_40,An American in Paris,1951,9,2024-11-12,
user_17,Clerks,1994,7,2024-07-14,
user_44,Persona,1966,8,2024-03-18,
user_35,Crazy Rich Asians,2018,10,2024-01-13,
user_21,The Greatest Showman,2017,,2024-03-15,
user_39,Saving Private Ryan,1998,6,2024-12-24,
user_15,Gravity,2013,3,2024-01-21,
user_02,Little Miss Sunshine,2006,10,2024-05-19,
riley,The Matrix,1999,7,2024-03-12,
user_20,Blade Runner 2049,2017,5,2024-04-19,
user_41,Rain Man,1988,7,2024-04-05,
user_39,Unforgiven,1992,6,2024-11-25,
user_34,A Thousand and One,2023,6,2024-01-09,
maya,The Godfather,1972,5,2024-09-25,
user_29,Welcome to the Dollhouse,1995,6,2024-06-12,
user_32,No Time to Die,2021,9,2024-04-09,
user_09,The Lobster,2015,9,2024-05-27,
user_08,Interstellar,2014,7,2024-09-14,
user_06,Forrest Gump,1994,5,2024-03-25,
user_30,Passages,2023,8,2024-09-19,
jordan,Mean Streets,1973,8,2024-10-25,
user_03,The Blair Witch Project,1999,5,2024-01-14,
user_05,Beasts of the Southern Wild,2012,9,2024-07-09,
user_30,Welcome to the Dollhouse,1995,8,2024-09-26,
user_22,Wicked,2024,8,2024-08-13,
user_46,The Apartment,1960,8,2024-07-17,
maya,Dope,2015,8,2024-09-02,
user_19,The Batman,2022,4,2024-05-19,
user_25,Fargo,1996,8,2024-03-04,
riley,The Sting,1973,6,2024-07-04,
user_32,Avengers: Endgame,2019,9,2024-08-19,
user_37,The Lobster,2015,8,2024-06-15,
user_04,The Sound of Music,1965,6,2024-10-19,
user_45,The Avengers,2012,5,2024-11-06,
user_07,Arrival,2016,4,2024-01-28,
user_20,From Here to Eternity,1953,6,2024-10-19,
user_39,The Seventh Seal,1957,8,2024-01-21,
user_14,Gigi,1958,6,2024-06-28,
user_03,Beasts of the Southern Wild,2012,5,2024-02-21,
user_20,Get Out,2017,6,2024-11-19,
user_42,Black Swan,2010,5,2024-07-26,
user_09,After Yang,2021,9,2024-08-26,
user_16,The Seventh Seal,1957,8,2024-09-11,
user_03,The Witch,2015,4,2024-08-02,
user_36,Septet: The Story of Hong Kong,2020,9,2024-04-10,
user_23,American Fiction,2023,7,2024-10-25,
user_34,1917,2019,6,2024-02-19,
user_44,District 9,2009,5,2024-09-05,
sam,One Flew Over the Cuckoo's Nest,1975,8,2024-12-16,
user_40,Schindler's List,1993,10,2024-07-02,
user_07,"sex, lies, and videotape",1989,8,2024-04-25,
user_32,Kramer vs. Kramer,1979,7,2024-07-19,
user_23,Zodiac,2007,5,2024-02-23,
user_16,Goodfellas,1990,8,2024-09-23,
user_24,The Souvenir,2019,6,2024-03-13,
user_41,Rushmore,1998,5,2024-06-13,
user_09,Parasite,2019,8,2024-11-26,
user_23,Argo,2012,6,2024-06-28,
user_13,The 400 Blows,1959,9,2024-07-03,
user_37,The Beast,2023,8,2024-10-26,
user_12,Mean Streets,1973,8,2024-11-02,
user_31,Captain America: The Winter Soldier,2014,8,2024-04-22,
user_30,Requiem for a Dream,2000,8,2024-03-19,
user_15,Swiss Army Man,2016,7,2024-01-23,
user_25,Drive,2011,7,2024-05-21,
maya,Lawrence of Arabia,1962,6,2024-10-26,
user_31,Perfect Days,2023,5,2024-03-05,
user_12,Civil War,2024,8,2024-11-28,
user_37,The Seventh Seal,1957,8,2024-04-20,
user_09,Fallen Leaves,2023,,2024-03-15,
user_44,Tenet,2020,6,2024-08-27,
user_42,Gladiator,2000,7,2024-12-03,
user_19,Gigi,1958,4,2024-04-04,
user_31,John Wick,2014,10,2024-04-11,
user_36,Annie Hall,1977,5,2024-02-11,
user_01,The Greatest Showman,2017,7,2024-04-04,
user_38,Minari,2020,6,2024-05-10,
user_28,The Martian,2015,5,2024-08-23,
user_34,Transformers,2007,,2024-09-16,
user_26,The Green Knight,2021,5,2024-03-22,
sam,On the Waterfront,1954,8,2024-09-12,
user_40,Wanda,1970,5,2024-12-10,
user_40,Easy Rider,1969,4,2024-06-08,
user_01,First Reformed,2017,8,2024-03-09,
user_05,Sound of Metal,2019,6,2024-04-10,
user_31,Tár,2022,6,2024-07-20,
user_44,The Godfather,1972,4,2024-01-07,
user_06,The Farewell,2019,8,2024-03-14,
user_37,On the Waterfront,1954,5,2024-06-02,
user_18,The French Connection,1971,6,2024-07-03,
user_38,Pig,2021,6,2024-02-13,
user_13,Dìdi,2024,8,2024-03-07,
user_42,After Yang,2021,7,2024-11-06,
user_36,On the Waterfront,1954,5,2024-09-02,
user_29,Punch-Drunk Love,2002,7,2024-10-21,
user_37,Portrait of a Lady on Fire,2019,8,2024-06-23,
user_11,Shakespeare in Love,1998,8,2024-12-20,
user_25,On the Waterfront,1954,6,2024-09-09,
user_32,The Incredibles,2004,6,2024-11-24,
user_02,All About Eve,1950,6,2024-11-25,
user_45,No Time to Die,2021,5,2024-10-04,
user_32,The Social Network,2010,8,2024-06-12,
user_12,The Dark Knight Rises,2012,8,2024-04-05,
user_37,District 9,2009,6,2024-02-18,
user_19,Fargo,1996,10,2024-09-14,
user_22,Thor: Ragnarok,2017,9,2024-04-02,
user_18,The Apartment,1960,5,2024-06-05,
user_25,Se7en,1995,5,2024-03-16,
user_12,The King's Speech,2010,6,2024-04-25,
jordan,Crazy Rich Asians,2018,5,2024-07-16,
jordan,A Real Pain,2024,6,2024-12-27,
user_34,Dune: Part Two,2024,6,2024-09-16,
user_26,Inside Out 2,2024,5,2024-07-16,
user_43,There Will Be Blood,2007,6,2024-10-01,
user_04,Marty,1955,6,2024-03-19,
user_15,Donnie Darko,2001,8,2024-03-19,
riley,Gladiator,2000,6,2024-07-01,
jordan,John Wick: Chapter 4,2023,4,2024-01-09,
user_34,Wonder Woman,2017,5,2024-11-28,
user_13,Up,2009,5,2024-09-10,
user_23,Aftersun,2022,10,2024-11-26,
user_24,The King's Speech,2010,7,2024-01-06,
user_21,Harry Potter and the Sorcerer's Stone,2001,4,2024-03-28,
user_10,No Country for Old Men,2007,7,2024-01-06,
user_45,Dìdi,2024,8,2024-02-09,
sam,Memento,2000,7,2024-04-28,
user_30,Coco,2017,5,2024-07-12,
user_18,Good One,2024,8,2024-08-27,
user_28,"sex, lies, and videotape",1989,9,2024-07-13,
user_27,Aftersun,2022,5,2024-06-16,
user_07,The Deer Hunter,1978,5,2024-04-16,
user_01,Bohemian Rhapsody,2018,4,2024-04-15,
jordan,Drive,2011,8,2024-10-18,
user_39,Little Miss Sunshine,2006,7,2024-01-22,
riley,The Prestige,2006,8,2024-02-16,
user_41,Gladiator,2000,7,2024-06-08,
user_18,Uncut Gems,2019,8,2024-10-22,
user_36,Pig,2021,9,2024-10-18,
user_22,Martha Marcy May Marlene,2011,6,2024-07-09,
user_36,Wonder Woman,2017,7,2024-08-18,
user_42,A Serious Man,2009,9,2024-05-13,
user_07,Zodiac,2007,6,2024-06-26,
user_01,No Time to Die,2021,4,2024-12-05,
user_14,The Fabelmans,2022,9,2024-01-09,
user_23,Do the Right Thing,1989,6,2024-08-24,
user_11,The King's Speech,2010,8,2024-08-21,
user_42,Mission: Impossible - Fallout,2018,7,2024-02-02,
maya,Being John Malkovich,1999,10,2024-05-02,
user_01,Lost in Translation,2003,10,2024-06-03,
user_20,Nomadland,2020,5,2024-04-15,
user_08,Hard Truths,2024,8,2024-08-27,
user_26,Monster,2023,8,2024-09-23,
user_25,Little Miss Sunshine,2006,,2024-03-25,
user_11,The Beast,2023,10,2024-08-08,
user_11,Lost in Translation,2003,10,2024-08-13,
user_16,Welcome to the Dollhouse,1995,9,2024-01-05,
user_07,Knives Out,2019,6,2024-02-27,
user_41,Poor Things,2023,5,2024-03-18,
user_20,The Martian,2015,3,2024-05-02,
user_08,Bohemian Rhapsody,2018,4,2024-02-13,
user_15,Parasite,2019,7,2024-04-05,
user_08,Oliver!,1968,8,2024-03-17,
user_22,The Farewell,2019,7,2024-05-10,
user_10,Frances Ha,2012,6,2024-02-07,
user_24,Moonrise Kingdom,2012,8,2024-12-21,
user_16,Drive My Car,2021,6,2024-06-17,
user_22,Bicycle Thieves,1948,9,2024-01-08,
user_45,Spider-Man: No Way Home,2021,8,2024-03-23,
user_35,Memento,2000,9,2024-05-01,
user_28,Thor: Ragnarok,2017,5,2024-11-04,
user_11,Night of the Living Dead,1968,8,2024-05-01,
user_41,Eraserhead,1977,5,2024-02-20,
user_09,Unforgiven,1992,5,2024-05-28,
user_19,Oppenheimer,2023,6,2024-09-11,
user_42,Ben-Hur,1959,7,2024-07-15,
user_36,No Country for Old Men,2007,10,2024-04-26,
user_24,Star Wars,1977,5,2024-12-22,
user_05,Sideways,2004,8,2024-12-20,
user_35,The Bridge on the River Kwai,1957,7,2024-12-22,
user_18,From Here to Eternity,1953,8,2024-11-04,
user_28,Dunkirk,2017,7,2024-12-27,
user_44,Donnie Darko,2001,9,2024-12-17,
user_36,American Beauty,1999,5,2024-08-06,
user_34,Dope,2015,7,2024-02-11,
user_23,Django Unchained,2012,5,2024-11-04,
user_24,The Apartment,1960,6,2024-06-07,
user_21,Black Panther,2018,4,2024-03-05,
user_01,Ordinary People,1980,7,2024-03-05,
user_27,Call Me by Your Name,2017,4,2024-11-23,
user_27,First Reformed,2017,4,2024-07-04,
user_39,The French Connection,1971,7,2024-07-22,
user_32,The Empire Strikes Back,1980,8,2024-03-12,
user_24,La La Land,2016,7,2024-06-12,
jordan,Annie Hall,1977,5,2024-05-08,
user_18,Zodiac,2007,7,2024-08-26,
user_23,Little Miss Sunshine,2006,8,2024-03-19,
user_33,Goodfellas,1990,6,2024-10-27,
user_28,A Real Pain,2024,10,2024-07-12,
user_40,Gravity,2013,6,2024-11-12,
user_25,Passages,2023,7,2024-12-03,
user_37,Twilight,2008,6,2024-07-09,
user_10,On the Waterfront,1954,7,2024-06-04,
user_30,Tokyo Story,1953,9,2024-03-19,
user_22,On the Waterfront,1954,8,2024-08-16,
user_33,Shakespeare in Love,1998,5,2024-08-22,
user_32,First Reformed,2017,5,2024-11-09,
user_21,Crash,2004,5,2024-09-25,
user_11,The Lord of the Rings: The Fellowship of the Ring,2001,6,2024-05-27,
user_46,Septet: The Story of Hong Kong,2020,5,2024-08-18,
user_04,Tokyo Story,1953,,2024-12-03,
user_40,Inglourious Basterds,2009,8,2024-09-08,
user_15,Oppenheimer,2023,6,2024-10-11,
user_16,Promising Young Woman,2020,8,2024-09-25,
user_14,Civil War,2024,8,2024-02-21,
user_04,The Brutalist,2024,6,2024-06-27,
user_23,Glass Onion,2022,6,2024-01-18,
user_45,Tokyo Story,1953,9,2024-09-08,
user_06,Inception,2010,5,2024-11-21,
user_07,Licorice Pizza,2021,9,2024-06-14,
user_05,The Greatest Showman,2017,4,2024-04-19,
user_34,Drive,2011,7,2024-11-23,
user_35,How to Have Sex,2023,4,2024-07-05,
user_18,The Lord of the Rings: The Two Towers,2002,6,2024-06-23,
user_30,Once Upon a Time in Hollywood,2019,8,2024-05-22,
user_35,Easy Rider,1969,5,2024-11-12,
user_02,Longlegs,2024,7,2024-11-25,
user_22,Lost in Translation,2003,5,2024-01-24,
user_41,The Brutalist,2024,4,2024-11-23,
riley,The Holdovers,2023,8,2024-11-03,
user_45,The Wonder,2022,8,2024-09-21,
sam,Guardians of the Galaxy,2014,8,2024-11-16,
user_12,Toy Story,1995,5,2024-02-13,
user_05,The Dark Knight,2008,4,2024-07-04,
user_01,My Fair Lady,1964,6,2024-01-11,
user_18,A Real Pain,2024,5,2024-01-01,
user_01,The Farewell,2019,8,2024-03-27,
user_24,No Country for Old Men,2007,8,2024-12-09,
user_36,The 400 Blows,1959,10,2024-01-18,
user_24,Skyfall,2012,6,2024-06-14,
user_23,Anora,2024,10,2024-06-14,
user_27,"sex, lies, and videotape",1989,5,2024-09-27,
user_11,Tár,2022,8,2024-04-18,
user_41,Showing Up,2022,7,2024-02-12,
user_32,Sideways,2004,6,2024-03-13,
user_24,May December,2023,6,2024-12-01,
user_37,Persona,1966,8,2024-04-10,
user_06,After Hours,1985,9,2024-05-01,
user_27,A Man for All Seasons,1966,9,2024-12-09,
user_03,The Zone of Interest,2023,5,2024-08-02,
user_38,The Witch,2015,8,2024-06-16,
user_02,Juno,2007,8,2024-09-02,
user_01,Minari,2020,8,2024-12-25,
user_01,Winter's Bone,2010,8,2024-05-28,
user_04,The Imitation Game,2014,6,2024-08-14,
user_15,Moonlight,2016,8,2024-03-23,
user_36,Rushmore,1998,7,2024-06-26,
user_42,May December,2023,6,2024-07-22,
user_31,I Saw the TV Glow,2024,6,2024-06-08,
user_44,Furious 7,2015,5,2024-04-24,
user_34,Janet Planet,2023,8,2024-04-11,
user_44,The Lord of the Rings: The Two Towers,2002,5,2024-06-12,
user_11,The Prestige,2006,7,2024-11-02,
maya,The Outfit,2022,9,2024-04-06,
user_18,The Seventh Seal,1957,8,2024-08-13,
user_34,WALL-E,2008,6,2024-02-21,
user_01,Batman Begins,2005,5,2024-07-06,
user_14,The Killing of a Sacred Deer,2017,9,2024-04-23,
user_40,Pirates of the Caribbean: The Curse of the Black Pearl,2003,8,2024-04-05,
user_10,Marriage Story,2019,7,2024-03-02,
user_38,Oliver!,1968,8,2024-08-11,
user_41,Decision to Leave,2022,5,2024-03-27,
user_25,Hard Truths,2024,8,2024-02-02,
user_02,Avatar,2009,4,2024-02-21,
user_11,Dìdi,2024,7,2024-04-11,
user_38,Oppenheimer,2023,,2024-12-22,
user_39,The Godfather,1972,6,2024-11-07,
user_05,Ordinary People,1980,4,2024-07-09,
user_41,Around the World in 80 Days,1956,9,2024-08-17,
user_40,Inception,2010,7,2024-11-07,
user_10,The Lord of the Rings: The Fellowship of the Ring,2001,6,2024-12-01,
user_01,The Wrestler,2008,8,2024-06-15,
user_14,The Shape of Water,2017,8,2024-10-16,
jordan,The Brutalist,2024,8,2024-04-28,
user_20,Spider-Man: Into the Spider-Verse,2018,8,2024-11-23,
user_05,Harry Potter and the Sorcerer's Stone,2001,4,2024-04-02,
user_01,Barbie,2023,7,2024-09-10,
user_36,Passages,2023,8,2024-03-03,
user_14,Uncut Gems,2019,9,2024-05-05,
user_35,Jurassic Park,1993,8,2024-07-02,
jordan,Fargo,1996,8,2024-08-23,
user_31,Being John Malkovich,1999,5,2024-05-23,
user_11,"sex, lies, and videotape",1989,8,2024-05-27,
user_45,Nomadland,2020,8,2024-06-11,
user_13,Bohemian Rhapsody,2018,7,2024-02-19,
user_46,Thelma,2024,8,2024-03-22,
user_07,Iron Man,2008,5,2024-08-26,
user_24,The Godfather Part II,1974,6,2024-02-10,
user_12,Avengers: Infinity War,2018,6,2024-11-10,
user_15,The Bridge on the River Kwai,1957,5,2024-01-16,
user_42,Batman Begins,2005,8,2024-03-02,
user_15,The French Connection,1971,6,2024-08-02,
user_09,The Matrix,1999,6,2024-03-20,
user_05,After Yang,2021,7,2024-02-03,
user_42,Gone Girl,2014,6,2024-02-16,
user_04,La La Land,2016,5,2024-06-27,
user_20,Midsommar,2019,7,2024-01-21,
user_23,All About Eve,1950,7,2024-03-21,
user_34,Thelma,2024,5,2024-04-06,
user_16,C'mon C'mon,2021,5,2024-01-26,
user_44,Once Upon a Time in Hollywood,2019,9,2024-07-04,
user_40,Sideways,2004,5,2024-06-10,
user_03,One Flew Over the Cuckoo's Nest,1975,10,2024-02-27,
user_24,Forrest Gump,1994,5,2024-11-27,
user_37,Dunkirk,2017,4,2024-10-21,
user_04,The Worst Person in the World,2021,6,2024-01-26,
user_44,After Hours,1985,8,2024-02-08,
user_45,Star Wars,1977,7,2024-06-07,
user_36,Titanic,1997,5,2024-07-19,
user_33,The Teachers' Lounge,2023,8,2024-04-22,
user_27,Gigi,1958,8,2024-04-19,
user_39,Iron Man,2008,4,2024-12-23,
user_29,Django Unchained,2012,8,2024-10-16,
user_34,The French Connection,1971,6,2024-08-11,
user_10,The Outfit,2022,7,2024-02-15,
user_30,The Godfather,1972,6,2024-06-16,
user_07,Blade Runner 2049,2017,5,2024-08-04,
user_36,Terms of Endearment,1983,7,2024-12-07,
user_11,Being John Malkovich,1999,6,2024-10-12,
user_15,The 400 Blows,1959,8,2024-10-06,
user_23,Fargo,1996,8,2024-06-04,
user_46,Past Lives,2023,7,2024-11-27,
user_21,Swiss Army Man,2016,7,2024-11-15,
user_27,Harry Potter and the Prisoner of Azkaban,2004,10,2024-09-09,
user_06,The Apartment,1960,5,2024-11-18,
user_31,The Greatest Showman,2017,9,2024-05-26,
user_37,Braveheart,1995,5,2024-07-12,
user_23,The Hunger Games,2012,7,2024-03-01,
user_15,The Lion King,1994,7,2024-10-12,
user_17,No Country for Old Men,2007,6,2024-02-09,
user_45,Guardians of the Galaxy,2014,6,2024-04-26,
user_36,The Hunger Games,2012,5,2024-12-01,
user_36,The King's Speech,2010,6,2024-04-08,
user_21,The Virgin Suicides,1999,8,2024-06-08,
user_13,Living,2022,9,2024-05-11,
user_08,Licorice Pizza,2021,6,2024-07-14,
user_05,The Big Sick,2017,7,2024-10-06,
jordan,Lost in Translation,2003,6,2024-11-09,
user_09,Transformers,2007,5,2024-06-24,
jordan,Minari,2020,6,2024-06-25,
user_37,Tenet,2020,5,2024-11-13,
user_24,Gandhi,1982,7,2024-09-22,
user_31,Anatomy of a Fall,2023,5,2024-10-14,
user_22,The Brutalist,2024,9,2024-10-04,
user_23,Iron Man,2008,7,2024-08-22,
user_42,The Greatest Showman,2017,,2024-03-02,
user_38,The Lobster,2015,9,2024-06-24,
sam,Rushmore,1998,2,2024-07-09,
user_09,The Whale,2022,9,2024-09-10,
user_32,Lawrence of Arabia,1962,9,2024-03-10,
riley,Lady Bird,2017,9,2024-10-17,
sam,Monster,2023,3,2024-05-27,
user_10,Kramer vs. Kramer,1979,6,2024-11-17,
user_20,Thor: Ragnarok,2017,7,2024-12-19,
user_44,Tokyo Story,1953,8,2024-02-24,
user_39,The Texas Chain Saw Massacre,1974,10,2024-11-18,
user_10,The Batman,2022,6,2024-05-07,
user_20,Iron Man,2008,6,2024-06-10,
user_14,Dunkirk,2017,6,2024-08-04,
user_18,Inside Out,2015,6,2024-10-03,
user_01,Wicked,2024,3,2024-11-15,
user_10,Pan's Labyrinth,2006,8,2024-06-28,
user_07,From Here to Eternity,1953,6,2024-07-02,
user_01,How to Have Sex,2023,7,2024-01-05,
user_04,No Time to Die,2021,4,2024-08-19,
user_41,The Sound of Music,1965,9,2024-02-20,
user_19,Se7en,1995,7,2024-05-24,
user_43,Boogie Nights,1997,6,2024-02-23,
user_23,The Batman,2022,7,2024-10-18,
user_14,Captain America: The Winter Soldier,2014,7,2024-04-20,
user_24,Easy Rider,1969,7,2024-01-20,
user_27,A Star Is Born,2018,8,2024-05-23,
user_17,The Grand Budapest Hotel,2014,10,2024-03-25,
user_05,Gone Girl,2014,,2024-03-23,
user_29,Showing Up,2022,9,2024-02-02,
user_23,An American in Paris,1951,6,2024-05-03,
user_15,The Lord of the Rings: The Fellowship of the Ring,2001,8,2024-07-05,
user_28,Hereditary,2018,8,2024-02-22,
user_12,Wanda,1970,7,2024-02-15,
user_44,Drive,2011,9,2024-03-08,
user_17,The Prestige,2006,6,2024-11-25,
user_04,Monster,2023,8,2024-02-04,
user_25,Knives Out,2019,8,2024-07-05,
user_04,Tenet,2020,5,2024-12-12,
user_41,The French Connection,1971,10,2024-04-20,
user_20,Argo,2012,6,2024-06-07,
user_11,Past Lives,2023,9,2024-08-12,
user_38,Close,2022,8,2024-10-16,
user_12,Gravity,2013,4,2024-09-17,
user_38,The Beast,2023,10,2024-01-10,
user_46,The Avengers,2012,5,2024-04-21,
user_38,Spider-Man: No Way Home,2021,6,2024-12-08,
user_27,Forrest Gump,1994,7,2024-11-20,
user_02,Spring Breakers,2012,10,2024-02-12,
user_11,Beasts of the Southern Wild,2012,8,2024-10-05,
user_09,Punch-Drunk Love,2002,9,2024-05-05,
user_08,Furious 7,2015,6,2024-06-22,
user_08,Frances Ha,2012,7,2024-10-19,
user_11,The Iron Claw,2023,8,2024-09-04,
user_14,Pirates of the Caribbean: The Curse of the Black Pearl,2003,4,2024-06-02,
user_27,His Three Daughters,2023,5,2024-10-18,
user_10,In the Heat of the Night,1967,6,2024-01-12,
user_07,Whiplash,2014,6,2024-01-04,
user_39,The King's Speech,2010,3,2024-02-16,
user_32,Up,2009,8,2024-06-11,
user_30,Up,2009,7,2024-11-05,
user_15,Dunkirk,2017,6,2024-04-19,
user_42,Anatomy of a Fall,2023,,2024-03-09,
user_20,Drive,2011,5,2024-03-02,
user_04,The Prestige,2006,5,2024-09-16,
user_33,Under the Skin,2013,10,2024-07-01,
user_12,Thor: Ragnarok,2017,5,2024-09-07,
user_19,Promising Young Woman,2020,7,2024-03-28,
user_14,Avatar,2009,4,2024-08-19,
user_41,Captain America: The Winter Soldier,2014,10,2024-11-26,
maya,Origin,2023,8,2024-11-19,
user_08,The Hunger Games,2012,5,2024-07-26,
user_45,Marriage Story,2019,6,2024-03-20,
jordan,Ex Machina,2014,6,2024-06-21,
jordan,The Killing of a Sacred Deer,2017,7,2024-04-17,
user_10,Se7en,1995,6,2024-07-17,
user_46,Poor Things,2023,6,2024-09-24,
user_04,Women Talking,2022,6,2024-11-22,
user_36,Spider-Man: No Way Home,2021,4,2024-06-15,
user_26,Furious 7,2015,6,2024-01-05,
user_02,Lincoln,2012,6,2024-08-01,
user_01,Pirates of the Caribbean: The Curse of the Black Pearl,2003,6,2024-07-17,
user_27,The Deer Hunter,1978,9,2024-11-12,
user_26,Nickel Boys,2024,8,2024-07-11,
user_18,Amadeus,1984,7,2024-12-14,
user_35,The Wolf of Wall Street,2013,8,2024-03-22,
user_45,Manchester by the Sea,2016,8,2024-07-01,
user_35,Room,2015,4,2024-12-18,
user_32,The Super Mario Bros. Movie,2023,8,2024-11-22,
user_12,Spider-Man: No Way Home,2021,7,2024-10-20,
user_45,Living,2022,8,2024-12-06,
user_36,Avengers: Endgame,2019,5,2024-10-02,
user_01,Rushmore,1998,5,2024-02-03,
user_10,West Side Story,1961,7,2024-08-19,
user_10,The Grand Budapest Hotel,2014,8,2024-11-26,
user_32,Beasts of the Southern Wild,2012,7,2024-02-06,
user_35,Dances with Wolves,1990,9,2024-01-11,
user_03,Argo,2012,9,2024-03-04,
user_16,The Zone of Interest,2023,7,2024-04-15,
user_04,The Lobster,2015,6,2024-09-06,
user_43,Rain Man,1988,9,2024-05-06,
user_31,The Virgin Suicides,1999,4,2024-03-07,
user_36,Priscilla,2023,8,2024-07-05,
sam,Pulp Fiction,1994,5,2024-11-27,
user_46,Room,2015,8,2024-11-04,
user_01,Crash,2004,7,2024-09-18,
user_34,Mission: Impossible - Fallout,2018,6,2024-06-07,
user_19,Wicked,2024,6,2024-10-14,
user_40,The Lobster,2015,5,2024-04-23,
sam,Eraserhead,1977,4,2024-12-05,
user_28,Donnie Darko,2001,8,2024-03-18,
user_29,Uncut Gems,2019,8,2024-09-07,
user_03,The Godfather Part II,1974,10,2024-04-07,
jordan,Black Swan,2010,7,2024-07-13,
user_09,Mad Max: Fury Road,2015,6,2024-06-20,
user_26,The Zone of Interest,2023,,2024-05-07,
user_37,RRR,2022,8,2024-08-22,
user_39,Oliver!,1968,4,2024-01-11,
user_38,Barbie,2023,9,2024-05-11,
user_15,Never Rarely Sometimes Always,2020,8,2024-01-13,
user_42,Dunkirk,2017,9,2024-05-18,
user_45,First Reformed,2017,10,2024-06-25,
user_09,The Hunger Games,2012,5,2024-02-07,
user_34,Furious 7,2015,5,2024-09-17,
user_36,The Avengers,2012,5,2024-03-27,
user_01,Harry Potter and the Sorcerer's Stone,2001,6,2024-09-16,
user_21,On the Waterfront,1954,6,2024-04-16,
user_19,Call Me by Your Name,2017,7,2024-09-02,
user_14,Gandhi,1982,5,2024-07-25,
user_32,Captain America: The Winter Soldier,2014,9,2024-12-06,
user_18,Close,2022,7,2024-02-06,
user_16,Children of Men,2006,3,2024-07-10,
user_32,Inception,2010,10,2024-03-19,
user_04,Winter's Bone,2010,7,2024-02-19,
user_23,The Texas Chain Saw Massacre,1974,8,2024-08-12,
maya,Showing Up,2022,9,2024-07-05,
user_14,The Incredibles,2004,7,2024-09-22,
user_40,Minari,2020,3,2024-06-03,
user_07,The Matrix,1999,6,2024-11-11,
user_04,Do the Right Thing,1989,7,2024-01-04,
user_41,Requiem for a Dream,2000,4,2024-08-20,
user_04,Under the Skin,2013,10,2024-11-22,
user_43,Juno,2007,3,2024-02-09,
user_08,Zodiac,2007,7,2024-05-22,
user_38,Top Gun: Maverick,2022,6,2024-01-12,
user_19,Portrait of a Lady on Fire,2019,10,2024-10-23,
jordan,Uncut Gems,2019,6,2024-03-20,
user_27,The Revenant,2015,8,2024-05-11,
jordan,Braveheart,1995,7,2024-02-17,
user_20,Challengers,2024,7,2024-08-01,
user_19,Bicycle Thieves,1948,7,2024-11-15,
sam,Once Upon a Time in Hollywood,2019,3,2024-04-21,
user_28,The 400 Blows,1959,6,2024-11-17,
user_09,Arrival,2016,5,2024-07-17,
user_31,Avatar,2009,8,2024-04-09,
user_26,Around the World in 80 Days,1956,7,2024-11-21,
user_43,Decision to Leave,2022,3,2024-08-18,
user_17,Lost in Translation,2003,9,2024-01-28,
user_11,The Lion King,1994,7,2024-06-25,
user_36,Reservoir Dogs,1992,7,2024-12-28,
user_03,Batman Begins,2005,7,2024-06-08,
user_19,Past Lives,2023,9,2024-02-11,
user_22,The King's Speech,2010,7,2024-09-04,
user_21,Room,2015,7,2024-11-18,
user_44,Poor Things,2023,9,2024-08-02,
user_10,I Saw the TV Glow,2024,8,2024-09-03,
user_26,Whiplash,2014,7,2024-06-25,
user_27,Up,2009,8,2024-02-19,
user_11,Deadpool,2016,7,2024-06-15,
user_10,Pulp Fiction,1994,7,2024-06-03,
user_05,Braveheart,1995,7,2024-05-27,
maya,Priscilla,2023,10,2024-02-03,
user_35,After Hours,1985,5,2024-01-26,
user_06,Sideways,2004,8,2024-02-03,
user_41,Shrek,2001,7,2024-03-25,
user_06,The Hunger Games,2012,4,2024-06-16,
user_22,The Matrix,1999,8,2024-11-19,
user_45,Ordinary People,1980,6,2024-01-03,
user_45,Dune: Part Two,2024,8,2024-05-19,
user_46,Aftersun,2022,8,2024-01-02,
user_02,Avatar: The Way of Water,2022,5,2024-03-16,
user_23,The Greatest Show on Earth,1952,6,2024-03-18,
sam,All About Eve,1950,8,2024-10-17,
user_01,Drive,2011,9,2024-01-26,
user_10,Furiosa: A Mad Max Saga,2024,7,2024-04-11,
user_46,Harry Potter and the Prisoner of Azkaban,2004,6,2024-06-18,
user_32,Night of the Living Dead,1968,4,2024-04-21,
user_09,Perfect Days,2023,8,2024-06-07,
user_04,Beasts of the Southern Wild,2012,8,2024-11-18,
user_08,Tokyo Story,1953,6,2024-12-07,
user_16,Star Wars,1977,6,2024-11-10,
user_16,Forrest Gump,1994,6,2024-05-07,
user_17,The Imitation Game,2014,6,2024-11-16,
user_40,West Side Story,1961,10,2024-07-03,
user_24,The Iron Claw,2023,7,2024-02-17,
user_09,Moonrise Kingdom,2012,8,2024-10-19,
user_03,Anatomy of a Fall,2023,5,2024-12-19,
user_45,Saving Private Ryan,1998,6,2024-05-08,
user_09,Bottoms,2023,7,2024-11-13,
user_17,Mulholland Drive,2001,7,2024-01-14,
maya,The Lord of the Rings: The Return of the King,2003,6,2024-10-18,
jordan,Red Rocket,2021,7,2024-04-15,
riley,The Whale,2022,7,2024-10-18,
user_25,Pulp Fiction,1994,10,2024-02-26,
user_18,Mad Max: Fury Road,2015,7,2024-12-17,
user_45,The Apartment,1960,9,2024-06-18,
user_04,Hereditary,2018,10,2024-10-05,
user_22,Donnie Darko,2001,8,2024-01-23,
user_46,The Lord of the Rings: The Fellowship of the Ring,2001,6,2024-01-13,
sam,The Outfit,2022,7,2024-08-04,
user_18,Mission: Impossible - Fallout,2018,7,2024-11-05,
user_44,Wonder Woman,2017,8,2024-09-06,
user_39,An American in Paris,1951,4,2024-04-25,
user_18,Do the Right Thing,1989,8,2024-12-25,
user_42,Shrek,2001,6,2024-07-28,
user_42,Schindler's List,1993,7,2024-07-14,
user_30,Portrait of a Lady on Fire,2019,8,2024-11-26,
user_27,The Lion King,1994,9,2024-06-08,
user_04,Gladiator,2000,7,2024-06-18,
user_36,Star Wars,1977,4,2024-06-16,
user_19,The Incredibles,2004,4,2024-05-17,
user_34,Call Me by Your Name,2017,7,2024-09-08,
user_05,Crazy Rich Asians,2018,7,2024-10-07,
user_22,Knives Out,2019,6,2024-07-06,
user_16,Zodiac,2007,6,2024-11-17,
user_46,The King's Speech,2010,5,2024-01-18,
user_10,The Taste of Things,2023,9,2024-09-10,
user_20,Thelma,2024,8,2024-05-12,
user_41,The Lion King,1994,9,2024-07-07,
user_33,The Hunger Games,2012,5,2024-06-21,
user_29,Argo,2012,7,2024-12-26,
jordan,Bohemian Rhapsody,2018,5,2024-03-09,
user_46,A Real Pain,2024,7,2024-07-28,
user_16,American Fiction,2023,6,2024-04-01,
user_10,Knives Out,2019,7,2024-05-06,
user_08,John Wick: Chapter 4,2023,8,2024-03-14,
user_28,The Shape of Water,2017,9,2024-10-04,
user_38,Midnight Cowboy,1969,9,2024-08-08,
user_03,Lawrence of Arabia,1962,9,2024-01-18,
user_36,Glass Onion,2022,5,2024-01-28,
user_33,Janet Planet,2023,7,2024-01-05,
user_02,Spider-Man: No Way Home,2021,4,2024-01-12,
user_38,Argo,2012,9,2024-01-23,
user_17,Minari,2020,7,2024-06-13,
user_01,Casino Royale,2006,5,2024-07-24,
user_46,Boyhood,2014,7,2024-03-03,
user_16,Lawrence of Arabia,1962,6,2024-04-27,
user_42,The Brutalist,2024,10,2024-10-07,
sam,Women Talking,2022,,2024-08-10,
user_37,Lincoln,2012,6,2024-10-27,
user_35,Shakespeare in Love,1998,10,2024-03-12,
user_38,Harry Potter and the Prisoner of Azkaban,2004,8,2024-12-09,
user_08,A Serious Man,2009,6,2024-07-07,
user_33,Pan's Labyrinth,2006,5,2024-09-21,
user_01,I Saw the TV Glow,2024,8,2024-12-22,
user_24,Pig,2021,9,2024-06-08,
user_46,Avengers: Infinity War,2018,5,2024-08-26,
user_15,Finding Nemo,2003,6,2024-08-01,
user_44,Arrival,2016,3,2024-08-06,
user_18,Inside Out 2,2024,7,2024-04-01,
user_01,Septet: The Story of Hong Kong,2020,7,2024-08-27,
user_33,Avatar,2009,5,2024-04-26,
user_27,The Lord of the Rings: The Return of the King,2003,10,2024-01-06,
user_29,There Will Be Blood,2007,7,2024-03-24,
user_30,Shrek,2001,6,2024-03-18,
user_01,Gigi,1958,3,2024-10-05,
sam,Inception,2010,9,2024-07-27,
user_45,Jurassic World,2015,6,2024-10-25,
user_18,No Time to Die,2021,7,2024-10-02,
user_23,Whiplash,2014,8,2024-01-28,
user_32,Women Talking,2022,5,2024-10-27,
user_34,The Revenant,2015,4,2024-04-08,
user_02,Room,2015,8,2024-10-16,
user_08,An American in Paris,1951,8,2024-12-09,
user_32,Around the World in 80 Days,1956,9,2024-10-15,
user_36,Mission: Impossible - Fallout,2018,5,2024-02-06,
user_31,"Synecdoche, New York",2008,4,2024-03-05,
user_22,The Lord of the Rings: The Two Towers,2002,9,2024-09-21,
user_03,Inception,2010,8,2024-12-25,
user_18,Minari,2020,7,2024-03-16,
user_41,Beasts of the Southern Wild,2012,6,2024-01-08,
user_27,Iron Man,2008,10,2024-03-19,
user_31,Lincoln,2012,9,2024-11-12,
user_05,Marriage Story,2019,8,2024-03-21,
user_31,Harry Potter and the Sorcerer's Stone,2001,9,2024-02-14,
user_22,The Virgin Suicides,1999,6,2024-06-27,
user_34,After Hours,1985,7,2024-02-18,
user_07,Top Gun: Maverick,2022,4,2024-11-15,
user_36,Blue Velvet,1986,7,2024-12-18,
user_40,The Witch,2015,6,2024-05-19,
user_41,Joker,2019,9,2024-04-14,
user_25,The Bridge on the River Kwai,1957,,2024-04-01,
user_20,Phantom Thread,2017,8,2024-01-28,
user_17,Se7en,1995,7,2024-12-03,
user_36,The Incredibles,2004,5,2024-08-14,
user_30,Close,2022,9,2024-10-27,
user_26,The Whale,2022,6,2024-07-07,
riley,The Martian,2015,7,2024-06-03,
user_16,1917,2019,7,2024-09-21,
user_32,Joker,2019,8,2024-06-28,
user_23,The Godfather Part II,1974,9,2024-08-10,
user_45,Around the World in 80 Days,1956,5,2024-12-04,
user_43,Up,2009,8,2024-09-10,
user_12,Dances with Wolves,1990,5,2024-01-21,
user_18,Beasts of the Southern Wild,2012,5,2024-01-13,
user_06,Spider-Man: No Way Home,2021,5,2024-08-10,
user_32,"Synecdoche, New York",2008,4,2024-04-25,
user_42,Passages,2023,7,2024-08-12,
user_42,Challengers,2024,7,2024-04-22,
user_31,Inception,2010,8,2024-11-01,
user_35,The Silence of the Lambs,1991,9,2024-08-05,
user_16,In the Heat of the Night,1967,5,2024-10-22,
user_45,The Substance,2024,8,2024-11-18,
user_44,Children of Men,2006,3,2024-03-08,
user_43,First Reformed,2017,5,2024-08-07,
user_19,Gravity,2013,3,2024-02-26,
user_04,Return of the Jedi,1983,5,2024-01-26,
user_46,The Sting,1973,6,2024-08-25,
user_34,The Whale,2022,7,2024-03-17,
user_15,Braveheart,1995,6,2024-03-26,
user_39,Inside Out,2015,7,2024-09-25,
user_33,Spider-Man: No Way Home,2021,6,2024-12-03,
user_21,The Banshees of Inisherin,2022,8,2024-02-10,
user_30,Poor Things,2023,8,2024-04-12,
user_33,Passages,2023,7,2024-01-20,
user_37,The Lion King,1994,5,2024-06-03,
user_07,Inside Out 2,2024,5,2024-03-19,
user_01,Lawrence of Arabia,1962,5,2024-06-13,
user_19,The Souvenir,2019,10,2024-03-06,
user_39,The Substance,2024,9,2024-07-25,
sam,A Real Pain,2024,4,2024-11-12,
user_09,Harry Potter and the Prisoner of Azkaban,2004,5,2024-02-10,
user_31,Night of the Living Dead,1968,3,2024-05-09,
user_32,Lady Bird,2017,6,2024-01-10,
user_14,Kramer vs. Kramer,1979,4,2024-10-03,
user_05,Bottoms,2023,8,2024-10-21,
user_45,The Lobster,2015,9,2024-11-13,
user_40,Boyhood,2014,6,2024-05-20,
user_41,The Hunger Games,2012,7,2024-03-14,
user_10,Challengers,2024,7,2024-06-28,
user_26,Chicago,2002,5,2024-08-12,
user_46,Bohemian Rhapsody,2018,5,2024-05-28,
user_36,After Hours,1985,5,2024-06-19,
user_20,Anatomy of a Fall,2023,7,2024-06-17,
user_22,La La Land,2016,6,2024-07-13,
user_05,Clerks,1994,7,2024-08-28,
user_41,Jurassic World,2015,10,2024-08-09,
jordan,Inglourious Basterds,2009,5,2024-07-09,
user_05,Lincoln,2012,7,2024-12-24,
user_45,The Shape of Water,2017,8,2024-10-18,
user_32,Lost in Translation,2003,5,2024-12-16,
user_35,The Batman,2022,9,2024-04-03,
user_10,The Seventh Seal,1957,6,2024-10-11,
user_42,On the Waterfront,1954,8,2024-09-14,
user_20,Ben-Hur,1959,8,2024-10-20,
user_16,Marriage Story,2019,6,2024-03-26,
user_17,Ben-Hur,1959,7,2024-08-26,
user_35,Marty,1955,10,2024-04-13,
user_11,Marty,1955,9,2024-12-05,
user_11,Women Talking,2022,8,2024-09-10,
user_16,The Worst Person in the World,2021,9,2024-11-03,
user_19,Whiplash,2014,8,2024-11-04,
user_23,1917,2019,7,2024-12-24,
user_01,The Substance,2024,8,2024-06-28,
user_37,Saltburn,2023,9,2024-12-07,
user_22,The Dark Knight Rises,2012,8,2024-07-28,
user_27,WALL-E,2008,7,2024-08-06,
user_18,Casino Royale,2006,6,2024-05-10,
user_30,Priscilla,2023,9,2024-06-24,
user_17,Forrest Gump,1994,7,2024-02-13,
user_24,Priscilla,2023,8,2024-02-02,
user_02,Phantom Thread,2017,10,2024-03-14,
user_14,The Matrix,1999,4,2024-03-15,
user_26,Gone Girl,2014,8,2024-10-25,
user_25,Sound of Metal,2019,8,2024-08-18,
user_13,Chicago,2002,5,2024-02-01,
user_44,Deadpool,2016,5,2024-01-23,
user_39,The Lord of the Rings: The Two Towers,2002,7,2024-04-07,
user_13,Her,2013,8,2024-02-11,
user_26,The Witch,2015,8,2024-06-19,
user_11,Children of Men,2006,7,2024-11-05,
user_02,Swiss Army Man,2016,10,2024-10-08,
sam,Poor Things,2023,4,2024-08-04,
user_45,The Witch,2015,8,2024-07-25,
user_41,An American in Paris,1951,8,2024-03-01,
user_46,Frances Ha,2012,7,2024-03-20,
user_21,The Killing of a Sacred Deer,2017,7,2024-07-13,
user_02,The Bridge on the River Kwai,1957,4,2024-03-23,
user_09,Tokyo Story,1953,7,2024-09-01,
user_22,A Star Is Born,2018,6,2024-07-25,
user_25,The Godfather Part II,1974,8,2024-11-13,
user_32,The Big Sick,2017,4,2024-10-11,
user_37,Wicked,2024,5,2024-03-04,
user_02,The Lord of the Rings: The Return of the King,2003,6,2024-12-28,
user_08,Lady Bird,2017,6,2024-11-01,
user_22,Terms of Endearment,1983,5,2024-12-16,
user_23,John Wick,2014,6,2024-06-05,
user_36,Joker,2019,6,2024-07-07,
user_28,Booksmart,2019,10,2024-04-04,
user_31,Ex Machina,2014,4,2024-01-02,
user_01,Good Time,2017,8,2024-01-20,
user_39,The Shape of Water,2017,8,2024-10-27,
user_11,Memento,2000,7,2024-04-08,
user_02,Toy Story,1995,6,2024-08-28,
user_03,Her,2013,3,2024-03-21,
user_03,Captain America: The Winter Soldier,2014,9,2024-07-15,
user_26,Poor Things,2023,5,2024-08-04,
user_12,Brokeback Mountain,2005,10,2024-01-06,
user_01,Midnight Cowboy,1969,4,2024-01-09,
user_46,Welcome to the Dollhouse,1995,8,2024-07-10,
user_22,Boogie Nights,1997,6,2024-10-24,
user_37,Perfect Days,2023,9,2024-10-14,
user_31,The Seventh Seal,1957,5,2024-01-01,
user_01,The Shawshank Redemption,1994,6,2024-11-19,
user_19,Aftersun,2022,9,2024-01-25,
user_12,The Incredibles,2004,6,2024-03-11,
user_39,Easy Rider,1969,9,2024-05-15,
user_08,Twilight,2008,8,2024-11-11,
user_11,Good Time,2017,8,2024-06-28,
user_17,Wicked,2024,8,2024-05-21,
user_07,Bohemian Rhapsody,2018,,2024-11-17,
user_45,Civil War,2024,7,2024-01-01,
user_04,Room,2015,7,2024-11-27,
jordan,Boyhood,2014,8,2024-03-23,
user_45,Brokeback Mountain,2005,8,2024-09-07,
user_38,Easy Rider,1969,7,2024-03-11,
user_10,The Lord of the Rings: The Return of the King,2003,7,2024-12-05,
user_22,Punch-Drunk Love,2002,7,2024-02-10,
user_02,Manchester by the Sea,2016,7,2024-12-21,
user_09,"Synecdoche, New York",2008,10,2024-05-16,
user_39,Whiplash,2014,10,2024-12-16,
user_22,Do the Right Thing,1989,8,2024-02-11,
user_02,Zodiac,2007,5,2024-11-16,
user_35,The Empire Strikes Back,1980,8,2024-04-08,
user_39,Room,2015,9,2024-04-18,
user_28,The Lord of the Rings: The Return of the King,2003,4,2024-05-02,
user_02,Chariots of Fire,1981,4,2024-05-24,
user_18,The Big Sick,2017,8,2024-01-23,
user_02,Frozen,2013,4,2024-05-18,
user_33,Tenet,2020,5,2024-10-11,
user_14,Hard Truths,2024,8,2024-03-02,
user_04,Bicycle Thieves,1948,8,2024-08-20,
maya,A Real Pain,2024,9,2024-10-14,
user_32,His Three Daughters,2023,6,2024-09-18,
user_02,Mulholland Drive,2001,10,2024-11-18,
user_10,Captain America: The Winter Soldier,2014,6,2024-03-01,
user_32,My Fair Lady,1964,8,2024-11-05,
user_33,Gigi,1958,7,2024-07-04,
jordan,The Empire Strikes Back,1980,6,2024-09-16,
user_35,Wicked,2024,7,2024-09-11,
user_37,The Farewell,2019,9,2024-03-15,
sam,Jurassic World,2015,7,2024-07-15,
user_02,Midsommar,2019,10,2024-12-02,
user_13,Sing Sing,2023,10,2024-03-09,
user_05,Uncut Gems,2019,7,2024-02-19,
user_21,Mad Max: Fury Road,2015,7,2024-10-24,
user_15,Batman Begins,2005,5,2024-05-14,
user_08,Jojo Rabbit,2019,7,2024-03-24,
user_04,The Iron Claw,2023,7,2024-11-28,
user_19,Stranger Than Paradise,1984,9,2024-05-02,
user_27,Dune,2021,8,2024-10-28,
user_39,The Witch,2015,8,2024-08-01,
user_27,Wanda,1970,6,2024-05-28,
user_45,Patton,1970,6,2024-11-02,
user_21,Stranger Than Paradise,1984,5,2024-07-25,
user_46,The Souvenir,2019,6,2024-11-18,
user_41,Ordinary People,1980,10,2024-07-13,
user_04,Red Rocket,2021,8,2024-02-15,
user_10,The Worst Person in the World,2021,7,2024-10-13,
user_25,The Holdovers,2023,6,2024-10-18,
sam,C'mon C'mon,2021,7,2024-06-26,
user_17,Coco,2017,6,2024-03-10,
maya,Gone Girl,2014,5,2024-02-28,
user_27,Batman Begins,2005,6,2024-09-03,
user_32,It Follows,2014,7,2024-01-19,
user_42,Dìdi,2024,9,2024-11-27,
user_44,The Dark Knight,2008,4,2024-04-14,
user_03,Never Rarely Sometimes Always,2020,4,2024-05-18,
jordan,Manchester by the Sea,2016,8,2024-03-26,
user_30,Nickel Boys,2024,10,2024-10-17,
user_31,Priscilla,2023,8,2024-10-04,
user_38,Hereditary,2018,8,2024-04-20,
user_27,The Shape of Water,2017,6,2024-06-06,
user_06,Living,2022,7,2024-04-06,
user_02,CODA,2021,8,2024-03-02,
user_26,Red Rocket,2021,7,2024-05-06,
user_34,Tokyo Story,1953,7,2024-06-18,
user_39,Furious 7,2015,6,2024-06-15,
user_37,Monster,2023,8,2024-09-06,
maya,Little Miss Sunshine,2006,10,2024-04-26,
user_18,Harry Potter and the Prisoner of Azkaban,2004,5,2024-11-21,
user_16,All of Us Strangers,2023,4,2024-01-28,
user_18,His Three Daughters,2023,7,2024-06-01,
user_32,Rain Man,1988,9,2024-10-10,
user_22,Captain America: The Winter Soldier,2014,4,2024-07-01,
user_29,Manchester by the Sea,2016,7,2024-06-25,
user_36,Winter's Bone,2010,9,2024-07-07,
user_34,The Super Mario Bros. Movie,2023,7,2024-04-20,
user_04,Anora,2024,6,2024-06-22,
user_09,The Virgin Suicides,1999,9,2024-09-19,
user_32,Booksmart,2019,7,2024-08-24,
user_17,I Saw the TV Glow,2024,7,2024-05-19,
user_24,It Follows,2014,8,2024-01-12,
user_39,Jurassic World,2015,4,2024-03-11,
user_12,Jojo Rabbit,2019,7,2024-05-20,
user_35,Furious 7,2015,,2024-11-02,
user_45,Lincoln,2012,8,2024-04-14,
user_32,The Wrestler,2008,4,2024-11-13,
user_39,The Dark Knight Rises,2012,3,2024-05-09,
user_38,Goodfellas,1990,8,2024-10-25,
user_24,Sound of Metal,2019,9,2024-03-19,
user_31,Her,2013,4,2024-02-04,
user_16,Requiem for a Dream,2000,7,2024-03-23,
user_06,The Zone of Interest,2023,7,2024-10-21,
user_38,The Lord of the Rings: The Fellowship of the Ring,2001,7,2024-09-09,
user_44,Longlegs,2024,9,2024-05-27,
user_02,His Three Daughters,2023,9,2024-11-21,
user_45,Inception,2010,7,2024-06-25,
user_44,Furiosa: A Mad Max Saga,2024,4,2024-06-08,
user_28,The Greatest Showman,2017,4,2024-08-12,
user_14,The Holdovers,2023,8,2024-01-11,
user_12,Clerks,1994,10,2024-11-28,
user_02,The Imitation Game,2014,5,2024-01-01,
user_12,Shrek,2001,4,2024-12-20,
user_27,Donnie Darko,2001,4,2024-02-20,
user_23,The Lord of the Rings: The Two Towers,2002,4,2024-05-10,
user_12,Moonrise Kingdom,2012,10,2024-12-02,
user_24,Eraserhead,1977,7,2024-01-05,
user_35,The Super Mario Bros. Movie,2023,10,2024-05-25,
user_13,Saltburn,2023,7,2024-07-24,
user_36,1917,2019,8,2024-11-06,
user_45,Hidden Figures,2016,6,2024-11-23,
user_35,John Wick,2014,10,2024-06-09,
user_46,The Beast,2023,7,2024-09-28,
user_31,Up,2009,9,2024-12-26,
user_28,Fight Club,1999,4,2024-08-10,
user_11,Inglourious Basterds,2009,7,2024-04-01,
user_26,Thelma,2024,5,2024-07-20,
user_25,Monster,2023,10,2024-02-18,
user_38,Decision to Leave,2022,9,2024-10-07,
user_01,Boyhood,2014,10,2024-03-10,
user_32,The Lion King,1994,9,2024-09-06,
user_18,Avengers: Endgame,2019,7,2024-11-07,
user_30,Civil War,2024,8,2024-08-24,
user_39,Tár,2022,10,2024-09-13,
user_10,Beasts of the Southern Wild,2012,7,2024-05-23,
user_08,Forrest Gump,1994,7,2024-03-19,
user_41,Drive My Car,2021,5,2024-05-16,
user_18,Drive,2011,7,2024-07-03,
user_12,The Ice Storm,1997,8,2024-10-16,
user_38,Monster,2023,8,2024-02-02,
user_23,Dances with Wolves,1990,7,2024-01-03,
user_21,Nomadland,2020,6,2024-07-12,
user_29,The Beast,2023,8,2024-05-04,
user_24,Rocky,1976,6,2024-04-10,
user_41,Minari,2020,5,2024-03-08,
user_20,Furious 7,2015,4,2024-07-18,
user_36,All Dirt Roads Taste of Salt,2023,8,2024-10-09,
user_33,Good One,2024,9,2024-09-13,
user_28,A Serious Man,2009,9,2024-05-21,
user_39,The Hunger Games,2012,7,2024-08-02,
user_06,Frances Ha,2012,8,2024-05-12,
user_18,Blade Runner 2049,2017,6,2024-04-16,
user_13,Annie Hall,1977,6,2024-11-03,
user_18,Dune: Part Two,2024,7,2024-11-14,
user_06,Being John Malkovich,1999,8,2024-08-15,
user_42,Monster,2023,7,2024-08-03,
user_06,The Lion King,1994,5,2024-03-07,
user_30,Whiplash,2014,7,2024-10-10,
user_13,Gandhi,1982,4,2024-01-07,
user_34,Spider-Man: Across the Spider-Verse,2023,6,2024-01-20,
user_10,Gladiator,2000,6,2024-04-27,
user_13,Everything Everywhere All at Once,2022,8,2024-08-06,
user_32,Blade Runner 2049,2017,8,2024-04-24,
user_02,Saving Private Ryan,1998,5,2024-02-11,
user_18,West Side Story,1961,5,2024-11-19,
user_35,Tokyo Story,1953,4,2024-12-16,
user_15,Furiosa: A Mad Max Saga,2024,6,2024-11-20,
user_41,West Side Story,1961,8,2024-06-01,
user_20,Tokyo Story,1953,6,2024-01-23,
user_13,Guardians of the Galaxy,2014,5,2024-08-28,
user_23,The Avengers,2012,6,2024-12-21,
user_27,Past Lives,2023,4,2024-07-22,
user_06,First Reformed,2017,6,2024-06-27,
user_35,Toy Story 3,2010,9,2024-12-24,
user_22,The Shawshank Redemption,1994,6,2024-11-08,
user_34,Forrest Gump,1994,7,2024-12-23,
user_24,Argo,2012,4,2024-01-13,
user_13,Bicycle Thieves,1948,7,2024-11-11,
user_19,Inside Out 2,2024,5,2024-03-03,
user_45,Never Rarely Sometimes Always,2020,8,2024-10-05,
user_20,Clerks,1994,8,2024-03-24,
user_04,Knives Out,2019,6,2024-11-20,
user_13,Argo,2012,5,2024-11-02,
user_01,A Star Is Born,2018,3,2024-01-12,
user_32,Top Gun: Maverick,2022,8,2024-07-03,
user_03,The Lord of the Rings: The Two Towers,2002,8,2024-10-20,
riley,The Worst Person in the World,2021,8,2024-11-22,
user_25,Sing Sing,2023,9,2024-03-06,
user_03,Mission: Impossible - Fallout,2018,7,2024-07-06,
user_21,Guardians of the Galaxy,2014,4,2024-02-12,
user_15,Bottoms,2023,8,2024-10-08,
user_23,Dope,2015,8,2024-05-22,
user_01,On the Waterfront,1954,6,2024-09-09,
user_10,Iron Man,2008,6,2024-03-24,
user_25,Midnight Cowboy,1969,7,2024-01-27,
user_41,Women Talking,2022,5,2024-12-04,
user_40,The Grand Budapest Hotel,2014,5,2024-10-26,
user_17,Being John Malkovich,1999,8,2024-11-11,
user_16,No Time to Die,2021,7,2024-03-25,
user_05,Thelma,2024,7,2024-07-07,
user_34,Red Rocket,2021,10,2024-06-09,
user_25,Pig,2021,10,2024-05-01,
user_22,Glass Onion,2022,7,2024-04-08,
user_10,Up,2009,9,2024-08-12,
user_42,No Country for Old Men,2007,8,2024-04-15,
user_01,Top Gun: Maverick,2022,7,2024-09-18,
user_07,Brokeback Mountain,2005,10,2024-11-13,
user_24,A Real Pain,2024,6,2024-09-23,
user_19,Twilight,2008,5,2024-12-07,
user_32,Dune,2021,8,2024-01-15,
user_22,Furiosa: A Mad Max Saga,2024,7,2024-04-09,
user_14,The Substance,2024,8,2024-07-22,
user_28,After Yang,2021,7,2024-12-12,
user_44,The Shape of Water,2017,8,2024-10-19,
user_35,Bohemian Rhapsody,2018,7,2024-09-06,
user_13,The Witch,2015,7,2024-09-06,
user_43,The Worst Person in the World,2021,7,2024-03-05,
user_31,The Substance,2024,5,2024-02-24,
user_26,Toy Story,1995,7,2024-06-12,
user_05,Chariots of Fire,1981,5,2024-08-12,
sam,Good One,2024,5,2024-04-23,
user_29,Dìdi,2024,6,2024-02-11,
user_45,Under the Skin,2013,5,2024-02-03,
user_40,Black Swan,2010,4,2024-11-20,
user_40,Interstellar,2014,8,2024-10-17,
user_16,The Fabelmans,2022,8,2024-03-06,
riley,Jojo Rabbit,2019,8,2024-08-03,
user_39,Around the World in 80 Days,1956,4,2024-09-06,
user_34,Easy Rider,1969,5,2024-11-13,
user_36,Wanda,1970,8,2024-06-24,
user_41,Do the Right Thing,1989,5,2024-07-24,
maya,Room,2015,8,2024-09-25,
user_39,The Holdovers,2023,9,2024-04-08,
user_33,Everything Everywhere All at Once,2022,9,2024-07-01,
riley,Past Lives,2023,8,2024-07-14,
user_40,Deadpool,2016,7,2024-01-04,
user_06,Pan's Labyrinth,2006,4,2024-08-19,
user_41,RRR,2022,6,2024-06-19,
user_12,The Greatest Show on Earth,1952,7,2024-06-16,
sam,Wicked,2024,10,2024-08-02,
user_15,The Fabelmans,2022,8,2024-08-20,
user_32,Phantom Thread,2017,5,2024-06-15,
user_21,"sex, lies, and videotape",1989,6,2024-07-10,
user_02,C'mon C'mon,2021,10,2024-10-24,
user_34,The Beast,2023,7,2024-03-11,
user_35,Lady Bird,2017,3,2024-02-18,
user_01,Spider-Man: Across the Spider-Verse,2023,7,2024-07-11,
user_18,The Blair Witch Project,1999,5,2024-01-16,
sam,Inglourious Basterds,2009,8,2024-07-20,
user_22,The Social Network,2010,5,2024-06-11,
user_15,The Florida Project,2017,7,2024-02-22,
user_17,From Here to Eternity,1953,6,2024-02-19,
user_14,The Irishman,2019,6,2024-08-26,
maya,West Side Story,1961,4,2024-06-03,
user_09,Wicked,2024,6,2024-01-26,
user_39,Black Panther,2018,4,2024-06-25,
user_24,Close,2022,9,2024-10-14,
sam,Toy Story,1995,10,2024-08-16,
user_46,Being John Malkovich,1999,7,2024-01-20,
user_46,Once Upon a Time in Hollywood,2019,7,2024-08-18,
user_28,Inside Out 2,2024,5,2024-02-07,
user_20,Showing Up,2022,7,2024-09-28,
user_40,1917,2019,8,2024-08-19,
user_31,Dune: Part Two,2024,6,2024-06-18,
maya,Black Swan,2010,8,2024-09-15,
user_01,Marriage Story,2019,10,2024-01-27,
user_08,The Florida Project,2017,7,2024-05-07,
user_17,Gigi,1958,7,2024-11-28,
user_14,Midsommar,2019,7,2024-08-09,
user_12,Under the Skin,2013,7,2024-01-09,
user_07,Janet Planet,2023,6,2024-07-24,
user_39,Persona,1966,8,2024-11-16,
user_41,The Wrestler,2008,4,2024-01-28,
user_08,The Greatest Showman,2017,9,2024-11-23,
user_01,CODA,2021,9,2024-10-10,
user_28,Drive My Car,2021,6,2024-07-03,
user_02,Shakespeare in Love,1998,6,2024-10-22,
user_27,Night of the Living Dead,1968,3,2024-02-01,
user_09,Drive My Car,2021,9,2024-09-21,
user_28,The Imitation Game,2014,5,2024-08-05,
user_19,Ordinary People,1980,7,2024-05-19,
user_25,The Iron Claw,2023,7,2024-02-09,
user_36,Patton,1970,7,2024-07-02,
user_35,Hard Truths,2024,4,2024-05-05,
maya,Guardians of the Galaxy,2014,6,2024-11-16,
user_30,The Banshees of Inisherin,2022,7,2024-10-18,
user_03,The Beast,2023,6,2024-01-08,
user_15,Under the Skin,2013,10,2024-07-02,
user_45,Pig,2021,8,2024-04-10,
user_07,Crazy Rich Asians,2018,5,2024-07-01,
sam,Chariots of Fire,1981,10,2024-02-25,
riley,The Apartment,1960,6,2024-11-16,
user_16,Captain America: The Winter Soldier,2014,4,2024-01-22,
maya,The Deer Hunter,1978,5,2024-09-15,
user_03,Jurassic World,2015,7,2024-09-05,
user_34,Sideways,2004,7,2024-08-24,
user_36,Jurassic Park,1993,4,2024-03-04,
user_08,A Ghost Story,2017,6,2024-12-24,
user_35,Whiplash,2014,6,2024-12-26,
user_37,Challengers,2024,9,2024-07-19,
user_26,After Hours,1985,7,2024-06-01,
user_38,May December,2023,9,2024-07-25,
user_06,Avengers: Endgame,2019,5,2024-11-05,
jordan,American Fiction,2023,7,2024-07-24,
user_31,The Batman,2022,6,2024-12-28,
jordan,Passages,2023,6,2024-12-28,
user_14,Being John Malkovich,1999,7,2024-05-16,
user_19,The Revenant,2015,4,2024-12-10,
jordan,The Dark Knight Rises,2012,7,2024-08-11,
user_33,American Beauty,1999,6,2024-03-22,
user_20,The Fabelmans,2022,9,2024-08-02,
user_46,The Godfather Part II,1974,6,2024-08-05,
user_28,Origin,2023,10,2024-02-10,
user_25,Blue Velvet,1986,8,2024-04-19,
user_35,Society of the Snow,2023,5,2024-10-07,
user_46,The Outfit,2022,6,2024-02-15,
user_24,The Shawshank Redemption,1994,6,2024-06-24,
user_13,May December,2023,8,2024-06-26,
user_04,RRR,2022,7,2024-07-12,
user_11,Top Gun: Maverick,2022,6,2024-02-24,
user_40,Tár,2022,5,2024-02-16,
sam,Whiplash,2014,6,2024-08-23,
user_04,Good One,2024,8,2024-07-02,
user_02,Mean Streets,1973,8,2024-02-14,
user_07,The Theory of Everything,2014,7,2024-01-18,
user_45,Sing Sing,2023,9,2024-11-07,
user_04,The French Connection,1971,7,2024-09-06,
user_33,The Killing of a Sacred Deer,2017,5,2024-11-24,
user_38,Coco,2017,8,2024-08-20,
user_34,The Irishman,2019,9,2024-04-19,
user_27,Shakespeare in Love,1998,8,2024-06-27,
user_31,Dunkirk,2017,8,2024-07-02,
user_21,Showing Up,2022,8,2024-04-05,
user_06,Poor Things,2023,7,2024-03-21,
user_17,Wanda,1970,9,2024-02-19,
user_13,The Wolf of Wall Street,2013,4,2024-06-13,
maya,Forrest Gump,1994,5,2024-11-21,
user_18,Furiosa: A Mad Max Saga,2024,7,2024-05-07,
user_33,Wanda,1970,6,2024-04-23,
user_22,The Witch,2015,4,2024-08-03,
user_19,Dunkirk,2017,5,2024-11-22,
user_33,Sideways,2004,7,2024-02-20,
user_10,The Hunger Games,2012,7,2024-05-12,
user_14,Mean Streets,1973,8,2024-11-03,
user_23,The Matrix Reloaded,2003,8,2024-03-17,
maya,Goodfellas,1990,6,2024-04-13,
user_20,The Ice Storm,1997,6,2024-07-28,
user_07,Promising Young Woman,2020,8,2024-10-20,
user_13,Inception,2010,4,2024-06-22,
user_05,Children of Men,2006,5,2024-10-22,
user_21,Avengers: Endgame,2019,5,2024-07-13,
user_38,Forrest Gump,1994,6,2024-06-28,
user_16,Society of the Snow,2023,,2024-12-18,
user_43,Batman Begins,2005,8,2024-12-27,
riley,Close,2022,8,2024-10-03,
user_38,Skyfall,2012,7,2024-03-16,
user_10,The Farewell,2019,8,2024-12-10,
user_10,Mulholland Drive,2001,7,2024-02-22,
user_03,The Killing of a Sacred Deer,2017,5,2024-05-18,
user_29,It Follows,2014,8,2024-10-27,
user_04,The Dark Knight Rises,2012,4,2024-11-19,
user_18,The Avengers,2012,7,2024-06-22,
user_09,Dunkirk,2017,4,2024-08-11,
user_25,The Teachers' Lounge,2023,8,2024-06-02,
user_25,After Hours,1985,7,2024-01-07,
sam,Drive My Car,2021,6,2024-09-12,
user_27,"Synecdoche, New York",2008,5,2024-10-28,
user_38,The Incredibles,2004,6,2024-07-09,
user_44,May December,2023,7,2024-10-27,
user_24,Origin,2023,5,2024-09-26,
user_33,Fallen Leaves,2023,8,2024-10-17,
user_20,Terms of Endearment,1983,6,2024-06-27,
user_35,The French Connection,1971,10,2024-09-20,
user_42,The Lion King,1994,5,2024-03-02,
user_17,Saving Private Ryan,1998,7,2024-10-01,
user_10,The Virgin Suicides,1999,7,2024-09-14,
user_08,Pig,2021,5,2024-02-25,
user_15,The Green Knight,2021,8,2024-05-27,
jordan,Portrait of a Lady on Fire,2019,7,2024-10-11,
user_16,Harry Potter and the Sorcerer's Stone,2001,5,2024-08-23,
user_22,Thelma,2024,7,2024-11-05,
user_34,Perfect Days,2023,7,2024-01-04,
user_31,Civil War,2024,4,2024-08-20,
user_01,Beasts of the Southern Wild,2012,7,2024-02-08,
user_06,Beasts of the Southern Wild,2012,7,2024-07-12,
user_46,Janet Planet,2023,6,2024-05-01,
user_38,His Three Daughters,2023,7,2024-07-15,
user_03,Fargo,1996,5,2024-06-09,
user_26,Fight Club,1999,8,2024-07-06,
user_06,Black Panther,2018,5,2024-02-04,
user_46,Gigi,1958,4,2024-04-28,
user_39,Midsommar,2019,10,2024-05-18,
user_05,Inception,2010,5,2024-07-12,
user_27,Toy Story 3,2010,9,2024-05-23,
user_46,Thor: Ragnarok,2017,6,2024-01-13,
user_35,The Zone of Interest,2023,5,2024-11-05,
user_12,Barbie,2023,6,2024-01-13,
sam,The Prestige,2006,8,2024-09-02,
user_32,Living,2022,5,2024-07-03,
user_04,Donnie Darko,2001,8,2024-09-06,
user_25,Furiosa: A Mad Max Saga,2024,7,2024-01-25,
user_40,Thelma,2024,6,2024-12-19,
user_31,Barbie,2023,7,2024-12-11,
user_30,The Teachers' Lounge,2023,9,2024-02-08,
user_44,Goodfellas,1990,6,2024-04-20,
user_27,Septet: The Story of Hong Kong,2020,4,2024-03-20,
user_31,Mad Max: Fury Road,2015,8,2024-08-11,
user_04,The Souvenir,2019,7,2024-08-06,
maya,Stranger Than Paradise,1984,8,2024-02-28,
user_19,After Yang,2021,9,2024-08-01,
user_23,Spider-Man: No Way Home,2021,6,2024-04-08,
user_36,The Matrix,1999,5,2024-08-19,
user_24,On the Waterfront,1954,6,2024-07-12,
user_05,Living,2022,5,2024-03-12,
user_28,John Wick: Chapter 4,2023,6,2024-11-17,
user_39,Inside Out 2,2024,5,2024-02-02,
user_20,The Dark Knight,2008,6,2024-01-16,
user_15,John Wick,2014,6,2024-04-04,
user_36,Sound of Metal,2019,9,2024-11-20,
user_17,Hereditary,2018,6,2024-09-07,
user_03,It Follows,2014,5,2024-12-04,
maya,Beasts of the Southern Wild,2012,8,2024-11-28,
user_32,Transformers,2007,8,2024-09-22,
user_13,Midnight Cowboy,1969,6,2024-07-23,
user_26,Midsommar,2019,8,2024-10-21,
user_24,The Worst Person in the World,2021,8,2024-02-22,
user_41,Spider-Man: No Way Home,2021,7,2024-06-28,
user_16,The Virgin Suicides,1999,6,2024-08-20,
user_17,Joker,2019,7,2024-02-27,
riley,Boogie Nights,1997,9,2024-05-10,
user_02,One Flew Over the Cuckoo's Nest,1975,5,2024-02-14,
user_45,After Yang,2021,9,2024-10-13,
user_41,Clerks,1994,7,2024-10-08,
user_34,Civil War,2024,7,2024-08-21,
user_17,The Blair Witch Project,1999,6,2024-08-19,
user_04,The Seventh Seal,1957,8,2024-04-26,
user_09,The Greatest Showman,2017,4,2024-06-05,
user_43,A Thousand and One,2023,6,2024-11-05,
user_25,All About Eve,1950,5,2024-11-20,
user_14,Patton,1970,6,2024-06-26,
user_09,Janet Planet,2023,8,2024-06-14,
user_40,Iron Man,2008,10,2024-07-16,
user_16,Up,2009,7,2024-06-05,
user_43,Septet: The Story of Hong Kong,2020,6,2024-06-13,
user_15,The Zone of Interest,2023,7,2024-07-28,
user_35,Platoon,1986,7,2024-04-12,
user_25,Janet Planet,2023,8,2024-03-22,
user_38,Chariots of Fire,1981,5,2024-10-25,
user_32,A Ghost Story,2017,4,2024-04-09,
user_28,A Star Is Born,2018,7,2024-05-27,
jordan,Fight Club,1999,4,2024-02-25,
user_08,The Batman,2022,,2024-02-01,
user_42,Midsommar,2019,6,2024-06-01,
maya,American Fiction,2023,9,2024-09-08,
user_33,Schindler's List,1993,6,2024-05-09,
user_06,Rocky,1976,5,2024-07-18,
user_19,The Apartment,1960,6,2024-07-16,
user_17,The Empire Strikes Back,1980,6,2024-01-06,
user_23,Midnight Cowboy,1969,8,2024-04-01,
user_32,Shakespeare in Love,1998,9,2024-08-23,
riley,Argo,2012,6,2024-09-21,
user_45,Fallen Leaves,2023,8,2024-11-28,
user_35,WALL-E,2008,8,2024-12-23,
user_31,The Florida Project,2017,7,2024-07-09,
user_39,No Time to Die,2021,5,2024-06-16,
user_22,It Follows,2014,7,2024-07-19,
user_39,Slumdog Millionaire,2008,7,2024-08-02,
user_39,All Dirt Roads Taste of Salt,2023,9,2024-01-10,
user_20,Pulp Fiction,1994,8,2024-09-19,
user_14,Crazy Rich Asians,2018,6,2024-05-28,
user_24,Portrait of a Lady on Fire,2019,7,2024-03-15,
maya,Unforgiven,1992,4,2024-08-20,
user_14,Toy Story,1995,6,2024-11-19,
user_30,Ordinary People,1980,7,2024-04-06,
user_18,Wicked,2024,6,2024-08-20,
user_35,Never Rarely Sometimes Always,2020,6,2024-12-04,
user_24,"Synecdoche, New York",2008,5,2024-12-17,
user_09,The Big Sick,2017,7,2024-09-18,
user_05,The Super Mario Bros. Movie,2023,5,2024-02-17,
user_25,A Real Pain,2024,8,2024-04-13,
user_01,The Green Knight,2021,9,2024-12-26,
maya,The French Connection,1971,8,2024-01-02,
user_13,Saving Private Ryan,1998,6,2024-07-06,
sam,Living,2022,4,2024-05-01,
user_07,All of Us Strangers,2023,8,2024-11-01,
user_33,Minari,2020,8,2024-04-03,
user_09,All About Eve,1950,6,2024-03-20,
user_41,Mad Max: Fury Road,2015,9,2024-12-10,
user_24,The Green Knight,2021,6,2024-04-05,
user_45,Moonlight,2016,7,2024-07-24,
user_03,The Wolf of Wall Street,2013,9,2024-06-07,
user_31,The Irishman,2019,4,2024-09-24,
user_39,Aftersun,2022,7,2024-12-22,
maya,Memento,2000,4,2024-12-11,
user_21,A Thousand and One,2023,8,2024-09-03,
user_14,Thor: Ragnarok,2017,5,2024-05-21,
user_45,The Beast,2023,8,2024-03-13,
jordan,Close,2022,8,2024-07-14,
user_23,Easy Rider,1969,10,2024-11-23,
user_05,Harry Potter and the Prisoner of Azkaban,2004,6,2024-08-18,
user_45,All Dirt Roads Taste of Salt,2023,9,2024-04-05,
user_30,Spider-Man: Into the Spider-Verse,2018,6,2024-07-08,
user_34,Hard Truths,2024,7,2024-04-18,
user_13,In the Heat of the Night,1967,5,2024-09-04,
maya,The Empire Strikes Back,1980,6,2024-04-01,
user_44,The Teachers' Lounge,2023,7,2024-09-15,
user_22,Shakespeare in Love,1998,,2024-02-21,
user_02,Dune: Part Two,2024,7,2024-08-16,
user_20,Rain Man,1988,7,2024-03-12,
user_32,After Hours,1985,6,2024-08-02,
user_44,Being John Malkovich,1999,9,2024-05-26,
sam,The King's Speech,2010,9,2024-01-10,
user_35,The Sting,1973,,2024-12-26,
user_37,Her,2013,8,2024-02-03,
user_14,Lawrence of Arabia,1962,6,2024-08-03,
user_09,Interstellar,2014,5,2024-08-08,
user_44,After Yang,2021,8,2024-01-14,
user_39,Ex Machina,2014,8,2024-05-15,
user_32,Poor Things,2023,6,2024-03-22,
user_31,A Serious Man,2009,5,2024-06-22,
user_39,I Saw the TV Glow,2024,8,2024-12-12,
user_09,Coco,2017,3,2024-04-25,
user_45,Fight Club,1999,6,2024-04-17,
user_26,Marriage Story,2019,7,2024-11-02,
user_46,Ordinary People,1980,7,2024-11-27,
user_46,Her,2013,8,2024-06-01,
user_22,American Beauty,1999,6,2024-07-17,
user_26,A Ghost Story,2017,7,2024-03-19,
user_08,Inglourious Basterds,2009,6,2024-12-24,
user_05,His Three Daughters,2023,8,2024-09-10,
user_14,Dope,2015,8,2024-12-06,
user_07,West Side Story,1961,6,2024-05-15,
user_31,The Farewell,2019,6,2024-09-16,
user_05,Thor: Ragnarok,2017,5,2024-02-19,
user_18,Marriage Story,2019,8,2024-07-03,
user_29,Schindler's List,1993,4,2024-03-14,
user_28,The Shawshank Redemption,1994,7,2024-08-19,
user_24,Deadpool,2016,6,2024-07-18,
user_18,Phantom Thread,2017,6,2024-08-07,
user_18,Patton,1970,8,2024-06-28,
user_40,The Ice Storm,1997,5,2024-09-13,
user_04,The Apartment,1960,5,2024-01-13,
user_37,Wonder Woman,2017,5,2024-02-22,
user_20,Lawrence of Arabia,1962,8,2024-12-15,
user_29,Call Me by Your Name,2017,9,2024-02-18,
user_39,Memento,2000,3,2024-01-01,
user_09,It Follows,2014,10,2024-11-28,
user_35,Tenet,2020,7,2024-03-04,
jordan,The Matrix,1999,6,2024-10-27,
user_43,Zodiac,2007,8,2024-09-27,
user_12,The Witch,2015,8,2024-07-08,
user_04,Avengers: Endgame,2019,4,2024-03-11,
user_08,A Star Is Born,2018,5,2024-03-16,
jordan,Avatar,2009,5,2024-01-16,
user_27,Schindler's List,1993,7,2024-08-02,
user_36,The Blair Witch Project,1999,7,2024-02-22,
user_01,An American in Paris,1951,5,2024-10-15,
user_05,Manchester by the Sea,2016,10,2024-04-19,
user_36,Little Women,2019,8,2024-03-13,
user_28,CODA,2021,8,2024-12-11,
user_04,Dances with Wolves,1990,7,2024-08-26,
user_44,The Seventh Seal,1957,8,2024-03-16,
user_06,Thelma,2024,7,2024-05-13,
user_34,Gladiator,2000,7,2024-07-01,
user_19,His Three Daughters,2023,9,2024-02-26,
user_43,Shakespeare in Love,1998,8,2024-07-07,
jordan,Septet: The Story of Hong Kong,2020,8,2024-03-21,
user_46,Petite Maman,2021,6,2024-07-22,
user_34,Harry Potter and the Prisoner of Azkaban,2004,5,2024-02-19,
user_25,Close,2022,9,2024-05-05,
user_07,Little Miss Sunshine,2006,7,2024-09-23,
user_17,The Godfather Part II,1974,6,2024-04-20,
user_45,Rushmore,1998,10,2024-06-12,
user_12,No Time to Die,2021,5,2024-03-15,
user_45,The French Connection,1971,8,2024-05-05,
user_25,Room,2015,9,2024-10-04,
user_18,On the Waterfront,1954,5,2024-12-28,
user_05,Forrest Gump,1994,4,2024-09-26,
user_04,A Ghost Story,2017,6,2024-02-15,
jordan,The Shape of Water,2017,7,2024-10-07,
user_44,Past Lives,2023,8,2024-10-19,
user_16,A Serious Man,2009,7,2024-02-14,
sam,WALL-E,2008,9,2024-08-23,
user_44,The Blair Witch Project,1999,7,2024-03-04,
user_05,Top Gun: Maverick,2022,6,2024-01-13,
user_38,It Follows,2014,9,2024-06-28,
user_33,The Dark Knight,2008,7,2024-11-11,
user_18,Drive My Car,2021,8,2024-05-17,
user_22,The Green Knight,2021,5,2024-08-21,
user_24,Showing Up,2022,5,2024-09-16,
user_33,Do the Right Thing,1989,8,2024-12-23,
user_18,Goodfellas,1990,7,2024-06-26,
riley,Ordinary People,1980,8,2024-07-14,
user_19,Bohemian Rhapsody,2018,7,2024-04-06,
user_20,The Silence of the Lambs,1991,8,2024-09-25,
user_04,Captain America: The Winter Soldier,2014,6,2024-08-05,
user_13,CODA,2021,8,2024-05-19,
user_45,Drive,2011,5,2024-07-28,
user_32,Coco,2017,8,2024-07-05,
user_46,Call Me by Your Name,2017,5,2024-07-02,
user_03,Sideways,2004,5,2024-02-16,
user_12,Gigi,1958,7,2024-05-24,
user_42,Swiss Army Man,2016,6,2024-01-02,
user_13,Avengers: Endgame,2019,5,2024-08-22,
user_08,The Wonder,2022,5,2024-12-18,
user_10,Sound of Metal,2019,7,2024-04-17,
user_11,Black Panther,2018,6,2024-03-06,
user_21,Sideways,2004,6,2024-08-16,
user_45,Inside Out 2,2024,7,2024-02-28,
user_15,Zodiac,2007,5,2024-04-25,
user_30,Shakespeare in Love,1998,9,2024-01-23,
user_34,Lawrence of Arabia,1962,7,2024-03-19,
user_16,Inglourious Basterds,2009,6,2024-12-12,
user_05,Petite Maman,2021,10,2024-11-15,
user_29,Crazy Rich Asians,2018,6,2024-04-18,
user_20,The Greatest Show on Earth,1952,7,2024-12-16,
user_35,Coco,2017,10,2024-08-24,
user_12,Tokyo Story,1953,7,2024-01-20,
user_10,Wicked,2024,6,2024-08-18,
user_33,Fight Club,1999,5,2024-08-18,
user_27,Portrait of a Lady on Fire,2019,4,2024-08-21,
user_16,The Lord of the Rings: The Two Towers,2002,5,2024-02-07,
user_43,Persona,1966,5,2024-09-18,
user_10,All Dirt Roads Taste of Salt,2023,8,2024-06-12,
maya,Red Rocket,2021,8,2024-01-20,
user_26,Patton,1970,7,2024-03-03,
user_41,The Witch,2015,5,2024-08-18,
user_05,The Outfit,2022,7,2024-04-05,
user_13,Fallen Leaves,2023,9,2024-03-06,
user_08,Petite Maman,2021,7,2024-04-25,
sam,May December,2023,4,2024-11-04,
user_09,His Three Daughters,2023,9,2024-09-22,
jordan,Amadeus,1984,4,2024-12-06,
user_17,The Matrix Reloaded,2003,7,2024-02-11,
user_02,Mission: Impossible - Fallout,2018,5,2024-08-11,
user_27,Titanic,1997,10,2024-04-13,
user_31,Minari,2020,6,2024-09-04,
user_29,Do the Right Thing,1989,7,2024-03-01,
user_24,The Beast,2023,9,2024-09-08,
user_03,Drive,2011,3,2024-07-08,
user_06,Get Out,2017,10,2024-05-10,
user_31,Spring Breakers,2012,4,2024-12-10,
user_37,The Fabelmans,2022,9,2024-09-28,
user_30,The Lighthouse,2019,9,2024-08-05,
user_38,Mulholland Drive,2001,8,2024-12-19,
user_05,Lost in Translation,2003,,2024-11-13,
user_38,Twilight,2008,7,2024-10-10,
user_15,The Matrix,1999,6,2024-09-04,
sam,Sideways,2004,6,2024-05-02,
user_09,Gone Girl,2014,6,2024-02-03,
user_31,The Incredibles,2004,8,2024-02-15,
user_14,My Fair Lady,1964,4,2024-08-17,
user_46,Little Women,2019,8,2024-03-08,
user_07,The Iron Claw,2023,7,2024-03-24,
user_42,Finding Nemo,2003,6,2024-08-09,
riley,Bicycle Thieves,1948,7,2024-06-14,
user_43,District 9,2009,8,2024-07-05,
user_17,The Virgin Suicides,1999,6,2024-10-24,
user_33,How to Have Sex,2023,6,2024-04-24,
user_38,Persona,1966,7,2024-08-15,
user_12,CODA,2021,7,2024-01-20,
user_39,Gigi,1958,6,2024-11-03,
jordan,Origin,2023,6,2024-05-11,
jordan,Argo,2012,6,2024-12-18,
user_10,Braveheart,1995,8,2024-09-02,
user_32,Pulp Fiction,1994,3,2024-05-02,
user_45,A Star Is Born,2018,8,2024-12-26,
user_12,The Zone of Interest,2023,8,2024-03-23,
user_07,The Dark Knight,2008,4,2024-02-17,
user_19,Avatar: The Way of Water,2022,4,2024-09-28,
user_20,The Teachers' Lounge,2023,6,2024-11-11,
user_30,Booksmart,2019,5,2024-02-12,
user_45,The Prestige,2006,8,2024-04-27,
user_45,Children of Men,2006,6,2024-09-28,
user_09,The Deer Hunter,1978,4,2024-09-09,
user_17,The Super Mario Bros. Movie,2023,5,2024-09-18,
user_44,Schindler's List,1993,4,2024-11-19,
user_16,Dances with Wolves,1990,5,2024-05-14,
user_01,Mad Max: Fury Road,2015,7,2024-11-11,
user_38,Mad Max: Fury Road,2015,8,2024-06-13,
user_46,Boogie Nights,1997,6,2024-11-09,
user_41,Close,2022,5,2024-05-17,
user_34,May December,2023,8,2024-10-10,
user_24,Wicked,2024,6,2024-02-18,
user_27,Jurassic Park,1993,9,2024-07-04,
user_30,Boogie Nights,1997,8,2024-09-07,
maya,Longlegs,2024,8,2024-05-08,
user_31,Patton,1970,8,2024-01-10,
user_44,Civil War,2024,8,2024-03-12,
user_05,Finding Nemo,2003,7,2024-02-28,
user_25,Hidden Figures,2016,8,2024-08-24,
user_12,Priscilla,2023,9,2024-04-08,
user_18,Aftersun,2022,5,2024-10-06,
user_24,Being John Malkovich,1999,7,2024-09-01,
user_01,1917,2019,5,2024-06-21,
user_42,The Lord of the Rings: The Return of the King,2003,7,2024-12-24,
user_04,May December,2023,7,2024-09-10,
user_39,Phantom Thread,2017,8,2024-09-13,
user_43,A Ghost Story,2017,5,2024-07-10,
user_01,Annie Hall,1977,4,2024-08-07,
user_20,Annie Hall,1977,7,2024-10-22,
jordan,Stranger Than Paradise,1984,5,2024-03-10,
user_29,A Star Is Born,2018,6,2024-04-09,
user_08,A Real Pain,2024,7,2024-08-17,
user_06,The Greatest Show on Earth,1952,4,2024-01-11,
user_23,His Three Daughters,2023,7,2024-09-26,
user_03,Everything Everywhere All at Once,2022,6,2024-02-20,
user_33,Aftersun,2022,6,2024-10-09,
user_26,First Reformed,2017,7,2024-09-28,
user_22,Saltburn,2023,5,2024-02-23,
user_39,Once Upon a Time in Hollywood,2019,9,2024-01-16,
user_17,"sex, lies, and videotape",1989,6,2024-03-19,
maya,The Iron Claw,2023,6,2024-09-22,
user_44,Jojo Rabbit,2019,9,2024-10-09,
user_16,Arrival,2016,5,2024-02-27,
maya,Black Panther,2018,6,2024-07-20,
user_10,The Wolf of Wall Street,2013,8,2024-06-24,
user_06,Avengers: Infinity War,2018,7,2024-04-27,
user_39,The Taste of Things,2023,10,2024-09-28,
user_31,Licorice Pizza,2021,4,2024-07-13,
user_43,My Fair Lady,1964,8,2024-11-12,
user_35,The Matrix,1999,5,2024-11-21,
user_28,The Brutalist,2024,8,2024-08-17,
user_11,The Brutalist,2024,8,2024-07-03,
user_09,Dances with Wolves,1990,7,2024-11-28,
user_21,CODA,2021,7,2024-01-16,
user_27,The Sound of Music,1965,9,2024-08-04,
user_29,RRR,2022,7,2024-05-21,
user_21,The Apartment,1960,5,2024-12-20,
user_05,Aftersun,2022,6,2024-05-07,
user_22,Black Panther,2018,6,2024-01-04,
user_37,Mad Max: Fury Road,2015,5,2024-01-05,
user_28,Dope,2015,9,2024-05-10,
sam,Bottoms,2023,4,2024-09-11,
user_22,Monster,2023,4,2024-07-09,
user_18,The Incredibles,2004,7,2024-04-21,
user_06,Avatar: The Way of Water,2022,5,2024-09-19,
user_17,Dune,2021,6,2024-02-19,
user_45,The 400 Blows,1959,10,2024-01-26,
user_04,Transformers,2007,5,2024-12-05,
user_24,Jojo Rabbit,2019,8,2024-06-02,
user_24,Unforgiven,1992,7,2024-09-18,
user_30,Titanic,1997,5,2024-08-22,
user_18,Wonder Woman,2017,6,2024-02-14,
user_13,Wonder Woman,2017,4,2024-01-25,
user_23,The Imitation Game,2014,8,2024-08-21,
user_05,From Here to Eternity,1953,6,2024-05-02,
user_10,Tokyo Story,1953,8,2024-04-16,
user_13,Jurassic Park,1993,5,2024-02-13,
user_20,Transformers,2007,5,2024-10-23,
user_38,The Whale,2022,7,2024-04-16,
user_30,Furious 7,2015,5,2024-06-20,
user_45,Longlegs,2024,9,2024-01-20,
user_20,The Hunger Games,2012,8,2024-05-28,
user_21,Wanda,1970,7,2024-08-17,
user_07,Dìdi,2024,9,2024-11-28,
user_13,An American in Paris,1951,4,2024-10-25,
user_17,Unforgiven,1992,5,2024-11-20,
user_13,Spider-Man: Into the Spider-Verse,2018,4,2024-07-11,
user_20,Good One,2024,8,2024-02-25,
user_45,Good Time,2017,8,2024-09-05,
user_24,Society of the Snow,2023,6,2024-12-27,
user_12,It Follows,2014,10,2024-11-08,
user_31,Spider-Man: No Way Home,2021,7,2024-01-10,
user_26,The Godfather,1972,8,2024-04-28,
user_30,The Florida Project,2017,9,2024-10-12,
sam,Platoon,1986,10,2024-12-16,
user_20,Wonder Woman,2017,7,2024-04-04,
user_19,The Shape of Water,2017,8,2024-04-15,
user_40,Up,2009,9,2024-04-19,
user_27,The Brutalist,2024,6,2024-02-07,
user_36,The French Connection,1971,3,2024-05-23,
user_05,WALL-E,2008,5,2024-11-06,
user_10,Annie Hall,1977,6,2024-01-06,
riley,John Wick,2014,5,2024-11-19,
user_36,Red Rocket,2021,10,2024-02-17,
user_16,Parasite,2019,9,2024-06-21,
user_33,The Lord of the Rings: The Return of the King,2003,7,2024-10-03,
user_32,Zodiac,2007,10,2024-01-06,
user_28,Dune,2021,5,2024-02-06,
user_09,The Batman,2022,5,2024-03-19,
user_10,The Revenant,2015,8,2024-12-09,
user_09,The Martian,2015,4,2024-05-06,
user_40,The Martian,2015,5,2024-04-21,
user_05,Captain America: The Winter Soldier,2014,,2024-07-01,
user_21,Little Miss Sunshine,2006,7,2024-04-24,
user_45,CODA,2021,8,2024-07-14,
user_34,There Will Be Blood,2007,7,2024-08-03,
user_46,Black Swan,2010,7,2024-04-22,
user_18,"Synecdoche, New York",2008,5,2024-01-04,
sam,A Man for All Seasons,1966,9,2024-01-22,
user_44,All Dirt Roads Taste of Salt,2023,9,2024-09-17,
user_38,Inglourious Basterds,2009,8,2024-01-28,
user_12,The Shawshank Redemption,1994,6,2024-03-11,
user_35,Blue Velvet,1986,6,2024-07-10,
user_30,Oliver!,1968,7,2024-12-18,
user_12,A Star Is Born,2018,6,2024-12-23,
user_41,Skyfall,2012,8,2024-01-04,
user_38,Tenet,2020,6,2024-08-20,
user_20,John Wick,2014,7,2024-07-27,
user_07,Never Rarely Sometimes Always,2020,10,2024-01-11,
user_02,Winter's Bone,2010,8,2024-06-26,
user_42,Licorice Pizza,2021,8,2024-10-08,
user_12,Good One,2024,9,2024-01-22,
user_22,Juno,2007,6,2024-04-14,
user_14,Brokeback Mountain,2005,,2024-02-01,
user_19,Glass Onion,2022,4,2024-05-22,
user_06,Ben-Hur,1959,6,2024-10-19,
user_32,Anora,2024,5,2024-09-26,
user_16,"sex, lies, and videotape",1989,8,2024-09-28,
user_08,The Empire Strikes Back,1980,6,2024-06-15,
riley,Requiem for a Dream,2000,9,2024-07-01,
sam,Spring Breakers,2012,6,2024-08-28,
maya,The Irishman,2019,8,2024-06-09,
user_29,Moonlight,2016,7,2024-10-19,
user_03,Crash,2004,7,2024-08-24,
user_13,The Empire Strikes Back,1980,5,2024-06-18,
user_16,The Martian,2015,6,2024-05-16,
user_29,The Teachers' Lounge,2023,8,2024-01-25,
user_07,Nickel Boys,2024,8,2024-08-11,
user_27,Once Upon a Time in Hollywood,2019,4,2024-06-23,
user_12,Mad Max: Fury Road,2015,4,2024-03-23,
user_34,The Prestige,2006,7,2024-11-20,
user_09,Red Rocket,2021,7,2024-08-20,
user_06,The Ice Storm,1997,6,2024-08-28,
user_38,Her,2013,8,2024-05-11,
user_46,A Serious Man,2009,8,2024-12-11,
user_41,Guardians of the Galaxy,2014,8,2024-03-22,
user_19,Transformers,2007,6,2024-11-23,
user_20,Poor Things,2023,8,2024-02-21,
jordan,Rocky,1976,5,2024-11-13,
user_06,The Sting,1973,5,2024-08-25,
sam,The Green Knight,2021,4,2024-07-28,
user_14,A Man for All Seasons,1966,8,2024-08-17,
user_18,A Thousand and One,2023,7,2024-04-17,
user_26,Winter's Bone,2010,9,2024-12-14,
user_44,The Holdovers,2023,9,2024-12-06,
user_15,Shakespeare in Love,1998,6,2024-06-05,
user_16,The Imitation Game,2014,5,2024-04-19,
user_11,The Godfather Part II,1974,6,2024-12-22,
user_37,Gone Girl,2014,3,2024-03-15,
riley,The Shape of Water,2017,8,2024-11-25,
user_12,Anora,2024,9,2024-05-15,
user_14,Night of the Living Dead,1968,8,2024-05-25,
user_31,The Teachers' Lounge,2023,3,2024-04-01,
user_12,Longlegs,2024,9,2024-03-24,
user_12,The Lobster,2015,8,2024-04-08,
user_43,Terms of Endearment,1983,7,2024-02-11,
user_12,Dìdi,2024,10,2024-12-02,
user_03,Unforgiven,1992,7,2024-07-02,
user_46,Captain America: The Winter Soldier,2014,8,2024-04-07,
user_23,Get Out,2017,8,2024-03-13,
user_39,Martha Marcy May Marlene,2011,7,2024-09-05,
user_36,Juno,2007,9,2024-07-02,
user_41,There Will Be Blood,2007,4,2024-09-03,
user_44,Star Wars,1977,5,2024-02-26,
user_28,Chicago,2002,6,2024-02-06,
user_08,Spring Breakers,2012,8,2024-05-18,
user_14,Easy Rider,1969,10,2024-08-12,
user_12,Gone Girl,2014,4,2024-09-13,
user_43,Donnie Darko,2001,6,2024-03-27,
user_23,Titanic,1997,6,2024-10-06,
user_30,American Beauty,1999,6,2024-03-13,
user_30,Lincoln,2012,8,2024-02-24,
user_27,One Flew Over the Cuckoo's Nest,1975,8,2024-02-19,
user_12,Beasts of the Southern Wild,2012,10,2024-03-21,
user_05,Eraserhead,1977,6,2024-05-21,
user_02,The Super Mario Bros. Movie,2023,7,2024-04-07,
user_27,Black Panther,2018,9,2024-02-05,
user_08,Lost in Translation,2003,9,2024-01-12,
user_39,Children of Men,2006,6,2024-10-16,
user_28,American Fiction,2023,9,2024-02-02,
user_18,Call Me by Your Name,2017,7,2024-07-22,
user_26,Spring Breakers,2012,7,2024-12-06,
user_20,Memento,2000,7,2024-04-16,
user_06,"Synecdoche, New York",2008,7,2024-01-12,
user_22,First Reformed,2017,7,2024-09-19,
user_43,Pirates of the Caribbean: The Curse of the Black Pearl,2003,8,2024-11-20,
user_11,Priscilla,2023,8,2024-07-22,
jordan,Skyfall,2012,5,2024-06-18,
user_10,Children of Men,2006,7,2024-09-19,
user_14,Shrek,2001,5,2024-10-09,
user_18,Finding Nemo,2003,5,2024-06-02,
user_20,The Texas Chain Saw Massacre,1974,6,2024-08-19,
user_13,The Revenant,2015,6,2024-01-04,
user_19,Toy Story,1995,3,2024-09-05,
user_35,Marriage Story,2019,4,2024-10-17,
user_07,Midnight Cowboy,1969,6,2024-12-02,
sam,John Wick: Chapter 4,2023,9,2024-09-12,
user_34,The Lord of the Rings: The Fellowship of the Ring,2001,5,2024-12-06,
user_33,The Godfather,1972,4,2024-03-09,
user_44,Licorice Pizza,2021,9,2024-02-18,
user_40,The Wrestler,2008,6,2024-12-20,
maya,Thelma,2024,8,2024-09-25,
user_04,Perfect Days,2023,6,2024-02-15,
user_30,Se7en,1995,8,2024-02-08,
user_20,Room,2015,6,2024-07-06,
user_16,Civil War,2024,9,2024-06-06,
sam,Casino Royale,2006,9,2024-03-08,
user_16,Thelma,2024,8,2024-06-01,
sam,Swiss Army Man,2016,4,2024-09-13,
user_35,The Killing of a Sacred Deer,2017,5,2024-12-16,
user_06,Passages,2023,6,2024-03-28,
user_36,Janet Planet,2023,9,2024-10-13,
user_15,The Farewell,2019,8,2024-03-15,
user_40,Moonrise Kingdom,2012,4,2024-10-15,
user_36,Batman Begins,2005,4,2024-02-23,
sam,Get Out,2017,6,2024-05-22,
user_39,Black Swan,2010,9,2024-01-04,
user_08,Beasts of the Southern Wild,2012,5,2024-06-18,
user_07,The Beast,2023,8,2024-02-16,
user_26,The Martian,2015,8,2024-08-04,
user_09,The Avengers,2012,4,2024-12-21,
user_09,The Substance,2024,8,2024-05-07,
jordan,Deadpool,2016,5,2024-07-11,
user_16,Boogie Nights,1997,7,2024-08-23,
maya,The Silence of the Lambs,1991,4,2024-03-02,
user_28,Under the Skin,2013,10,2024-05-20,
user_46,The Lord of the Rings: The Two Towers,2002,5,2024-01-27,
user_20,The Florida Project,2017,8,2024-02-13,
user_38,Boogie Nights,1997,8,2024-11-16,
user_07,Titanic,1997,5,2024-11-14,
user_26,Dìdi,2024,8,2024-10-11,
user_17,May December,2023,7,2024-06-22,
user_25,Shakespeare in Love,1998,6,2024-08-27,
user_40,Booksmart,2019,5,2024-12-23,
user_19,The Florida Project,2017,10,2024-08-03,
user_22,Bottoms,2023,6,2024-06-13,
user_06,Origin,2023,7,2024-03-27,
user_20,The Seventh Seal,1957,,2024-06-01,
user_02,I Saw the TV Glow,2024,8,2024-07-17,
user_37,Licorice Pizza,2021,10,2024-08-14,
user_18,Sideways,2004,9,2024-03-03,
user_20,American Beauty,1999,6,2024-10-17,
user_09,Aftersun,2022,8,2024-10-05,
maya,The Batman,2022,7,2024-01-13,
user_24,Rushmore,1998,8,2024-05-23,
user_35,Eraserhead,1977,6,2024-03-19,
user_02,The Revenant,2015,5,2024-04-09,
maya,Tár,2022,10,2024-11-17,
user_33,Rain Man,1988,5,2024-01-25,
sam,A Serious Man,2009,5,2024-11-22,
user_32,The Brutalist,2024,6,2024-11-24,
user_21,West Side Story,1961,7,2024-09-11,
user_42,The French Connection,1971,6,2024-12-07,
user_05,Dune: Part Two,2024,4,2024-01-05,
user_13,After Hours,1985,9,2024-06-16,
user_20,Saving Private Ryan,1998,8,2024-02-11,
user_08,The Avengers,2012,6,2024-08-22,
user_39,Crash,2004,4,2024-02-08,
user_23,WALL-E,2008,8,2024-04-24,
user_34,Eraserhead,1977,8,2024-08-15,
user_41,Chariots of Fire,1981,8,2024-08-21,
user_26,The Killing of a Sacred Deer,2017,8,2024-05-16,
user_29,Nomadland,2020,8,2024-09-20,
user_26,Inglourious Basterds,2009,9,2024-08-02,
user_41,A Real Pain,2024,6,2024-04-03,
user_35,Decision to Leave,2022,7,2024-11-14,
user_45,Anatomy of a Fall,2023,8,2024-12-02,
user_37,Patton,1970,6,2024-05-24,
user_04,Petite Maman,2021,7,2024-01-28,
user_10,The Sting,1973,6,2024-12-17,
user_38,Under the Skin,2013,9,2024-08-12,
jordan,Requiem for a Dream,2000,8,2024-07-19,
user_18,The Prestige,2006,6,2024-03-01,
user_11,Avatar,2009,8,2024-04-21,
user_13,Requiem for a Dream,2000,7,2024-09-22,
user_35,Clerks,1994,4,2024-09-08,
user_37,Black Panther,2018,5,2024-07-25,
user_43,Nickel Boys,2024,6,2024-09-09,
user_15,La La Land,2016,5,2024-03-07,
user_05,Phantom Thread,2017,7,2024-06-26,
user_28,A Beautiful Mind,2001,5,2024-09-05,
user_12,The Hunger Games,2012,5,2024-04-28,
user_03,Showing Up,2022,5,2024-10-24,
user_17,The Souvenir,2019,8,2024-04-08,
jordan,All About Eve,1950,7,2024-04-03,
user_04,Everything Everywhere All at Once,2022,8,2024-05-23,
sam,Civil War,2024,5,2024-06-19,
user_19,Unforgiven,1992,6,2024-09-16,
user_07,Everything Everywhere All at Once,2022,7,2024-08-12,
user_07,Hidden Figures,2016,7,2024-11-03,
user_02,It Follows,2014,9,2024-10-11,
user_05,The Godfather Part II,1974,6,2024-01-12,
user_19,The Iron Claw,2023,7,2024-07-27,
user_28,Forrest Gump,1994,6,2024-06-15,
user_12,Slumdog Millionaire,2008,6,2024-09-10,
user_33,The Imitation Game,2014,6,2024-07-09,
user_46,Sideways,2004,8,2024-11-18,
user_28,RRR,2022,8,2024-03-15,
user_38,Nomadland,2020,8,2024-06-23,
user_10,How to Have Sex,2023,8,2024-09-09,
user_16,A Beautiful Mind,2001,5,2024-11-11,
user_19,The Wolf of Wall Street,2013,5,2024-07-02,
user_12,Blade Runner 2049,2017,7,2024-06-03,
user_20,No Time to Die,2021,5,2024-10-10,
user_16,The Godfather,1972,5,2024-06-16,
user_13,Memento,2000,5,2024-03-23,
user_14,Blade Runner 2049,2017,5,2024-09-04,
user_20,The Prestige,2006,8,2024-02-15,
user_11,Hard Truths,2024,6,2024-04-16,
user_22,The Souvenir,2019,8,2024-03-27,
jordan,The Virgin Suicides,1999,5,2024-09-24,
riley,Tokyo Story,1953,8,2024-09-24,
user_07,Fight Club,1999,5,2024-08-13,
user_09,Boogie Nights,1997,9,2024-10-20,
user_09,Mulholland Drive,2001,8,2024-10-03,
user_23,A Beautiful Mind,2001,4,2024-03-01,
user_27,The Dark Knight,2008,,2024-02-11,
user_28,Tár,2022,8,2024-06-16,
user_28,Aftersun,2022,8,2024-09-22,
user_40,Bohemian Rhapsody,2018,7,2024-11-18,
maya,Gladiator,2000,5,2024-07-06,
user_31,There Will Be Blood,2007,5,2024-09-07,
user_01,The Florida Project,2017,8,2024-10-12,
user_36,The Silence of the Lambs,1991,6,2024-06-06,
user_40,Rushmore,1998,5,2024-11-12,
maya,The Dark Knight,2008,3,2024-09-04,
user_27,Bohemian Rhapsody,2018,8,2024-09-02,
user_19,A Man for All Seasons,1966,6,2024-09-13,
user_31,The Lord of the Rings: The Return of the King,2003,9,2024-12-25,
user_24,Marriage Story,2019,7,2024-11-02,
user_26,My Fair Lady,1964,6,2024-07-16,
user_01,The Killing of a Sacred Deer,2017,7,2024-11-12,
user_03,The French Connection,1971,,2024-04-19,
user_39,Tokyo Story,1953,9,2024-07-20,
user_12,Annie Hall,1977,6,2024-10-10,
user_17,The Substance,2024,9,2024-08-09,
user_31,Furious 7,2015,9,2024-07-17,
user_24,The Lobster,2015,7,2024-05-09,
user_20,How to Have Sex,2023,7,2024-08-23,
user_29,Parasite,2019,8,2024-11-19,
user_01,Easy Rider,1969,10,2024-11-28,
user_24,Dune: Part Two,2024,5,2024-05-20,
user_12,The Lord of the Rings: The Two Towers,2002,7,2024-08-27,
user_21,The Godfather Part II,1974,7,2024-05-01,
user_28,The Godfather,1972,4,2024-08-19,
user_40,The Bridge on the River Kwai,1957,8,2024-04-07,
user_31,In the Heat of the Night,1967,8,2024-05-22,
user_42,Drive,2011,8,2024-07-02,
user_10,Petite Maman,2021,8,2024-02-04,
user_46,Annie Hall,1977,6,2024-03-03,
user_15,Beasts of the Southern Wild,2012,8,2024-10-16,
user_15,The Killing of a Sacred Deer,2017,7,2024-03-11,
riley,Oppenheimer,2023,8,2024-03-09,
user_01,The Avengers,2012,6,2024-05-08,
sam,Minari,2020,4,2024-07-01,
user_26,Licorice Pizza,2021,8,2024-03-18,
user_43,Gravity,2013,10,2024-01-08,
user_03,First Reformed,2017,7,2024-09-21,
user_32,A Serious Man,2009,3,2024-12-08,
user_45,In the Heat of the Night,1967,5,2024-08-28,
user_01,The Worst Person in the World,2021,8,2024-12-14,
user_23,The King's Speech,2010,7,2024-07-23,
user_13,Civil War,2024,8,2024-04-11,
user_44,Eraserhead,1977,8,2024-04-08,
user_44,Lincoln,2012,6,2024-08-14,
user_28,Pulp Fiction,1994,10,2024-08-12,
user_20,Patton,1970,9,2024-08-27,
user_02,The Seventh Seal,1957,8,2024-11-17,
user_22,Unforgiven,1992,6,2024-11-20,
user_35,Frozen,2013,8,2024-10-14,
user_04,Guardians of the Galaxy,2014,5,2024-07-21,
user_01,Gladiator,2000,7,2024-08-01,
user_46,Challengers,2024,8,2024-07-17,
user_35,Avengers: Endgame,2019,9,2024-12-05,
user_07,His Three Daughters,2023,8,2024-04-23,
user_31,Phantom Thread,2017,5,2024-02-17,
user_12,The Farewell,2019,8,2024-05-01,
user_13,Longlegs,2024,7,2024-12-25,
user_37,Phantom Thread,2017,10,2024-11-11,
user_20,West Side Story,1961,7,2024-05-12,
sam,Lady Bird,2017,3,2024-01-11,
user_19,Marty,1955,6,2024-06-04,
jordan,Easy Rider,1969,7,2024-02-25,
user_03,Frozen,2013,7,2024-06-17,
user_39,Return of the Jedi,1983,6,2024-04-27,
user_46,The Witch,2015,10,2024-08-26,
riley,District 9,2009,7,2024-11-16,
user_16,Barbie,2023,6,2024-05-01,
user_09,The Farewell,2019,9,2024-04-17,
user_20,The Avengers,2012,5,2024-01-27,
user_04,Mulholland Drive,2001,8,2024-07-20,
sam,An American in Paris,1951,8,2024-08-01,
user_10,Boyhood,2014,7,2024-08-20,
user_26,Ordinary People,1980,8,2024-05-21,
user_37,The Witch,2015,10,2024-09-01,
user_16,La La Land,2016,5,2024-01-16,
user_12,Joker,2019,6,2024-10-22,
user_32,Forrest Gump,1994,8,2024-01-09,
user_41,Tenet,2020,7,2024-08-14,
user_29,The Lord of the Rings: The Two Towers,2002,6,2024-04-01,
user_33,The Dark Knight Rises,2012,5,2024-12-25,
user_30,Schindler's List,1993,8,2024-02-05,
user_35,Do the Right Thing,1989,6,2024-04-24,
user_43,The Seventh Seal,1957,6,2024-07-25,
user_21,Blue Velvet,1986,8,2024-07-14,
user_21,May December,2023,7,2024-12-14,
user_01,Under the Skin,2013,8,2024-08-02,
user_32,Dope,2015,6,2024-07-06,
user_31,Manchester by the Sea,2016,,2024-02-16,
user_11,The Ice Storm,1997,7,2024-10-21,
user_13,The Teachers' Lounge,2023,9,2024-02-16,
user_08,Spider-Man: Into the Spider-Verse,2018,7,2024-02-13,
user_35,Tár,2022,5,2024-09-13,
user_30,The Silence of the Lambs,1991,8,2024-02-15,
user_14,Thelma,2024,9,2024-08-06,
user_28,A Man for All Seasons,1966,6,2024-06-13,
user_07,The Substance,2024,9,2024-01-20,
user_17,The Lord of the Rings: The Two Towers,2002,7,2024-09-26,
user_46,Skyfall,2012,5,2024-05-27,
user_21,Priscilla,2023,8,2024-04-07,
user_25,Welcome to the Dollhouse,1995,8,2024-10-15,
user_40,Braveheart,1995,9,2024-09-14,
user_11,Uncut Gems,2019,8,2024-02-08,
user_26,Mulholland Drive,2001,8,2024-03-01,
user_45,Whiplash,2014,9,2024-06-24,
user_40,Spider-Man: Into the Spider-Verse,2018,8,2024-09-19,
user_01,Around the World in 80 Days,1956,6,2024-06-01,
user_44,Martha Marcy May Marlene,2011,8,2024-02-11,
user_13,Zodiac,2007,4,2024-03-01,
user_15,Midnight Cowboy,1969,6,2024-02-04,
user_33,Shrek,2001,5,2024-03-22,
user_26,Being John Malkovich,1999,8,2024-07-28,
user_15,Decision to Leave,2022,8,2024-03-23,
user_17,Civil War,2024,8,2024-11-28,
user_19,It Follows,2014,8,2024-09-26,
user_22,The Dark Knight,2008,7,2024-08-10,
user_18,Shakespeare in Love,1998,5,2024-05-08,
user_15,The Imitation Game,2014,6,2024-12-16,
user_16,Annie Hall,1977,5,2024-05-06,
user_39,Minari,2020,7,2024-07-12,
user_45,Blue Velvet,1986,7,2024-08-13,
user_25,Licorice Pizza,2021,7,2024-12-26,
user_34,Once Upon a Time in Hollywood,2019,9,2024-05-03,
user_30,Rain Man,1988,7,2024-09-26,
user_16,First Reformed,2017,7,2024-04-05,
user_09,The Green Knight,2021,7,2024-11-11,
user_03,The Irishman,2019,5,2024-09-13,
user_25,Lady Bird,2017,7,2024-05-11,
user_35,Manchester by the Sea,2016,4,2024-02-19,
user_10,The King's Speech,2010,,2024-05-08,
user_24,The Godfather,1972,6,2024-07-07,
user_16,Decision to Leave,2022,8,2024-10-25,
user_36,Goodfellas,1990,4,2024-10-26,
user_32,The Grand Budapest Hotel,2014,6,2024-07-28,
user_11,Living,2022,9,2024-12-27,
user_19,Martha Marcy May Marlene,2011,8,2024-09-12,
user_02,RRR,2022,6,2024-09-15,
user_29,Ex Machina,2014,,2024-07-24,
user_19,Furiosa: A Mad Max Saga,2024,4,2024-02-26,
user_34,The Green Knight,2021,6,2024-01-19,
user_08,Annie Hall,1977,7,2024-11-20,
user_04,Spider-Man: Into the Spider-Verse,2018,5,2024-09-24,
user_26,Midnight Cowboy,1969,6,2024-08-28,
user_30,The Beast,2023,10,2024-08-14,
user_27,Pirates of the Caribbean: The Curse of the Black Pearl,2003,9,2024-07-02,
user_16,Midnight Cowboy,1969,4,2024-04-03,
user_22,The Texas Chain Saw Massacre,1974,7,2024-07-24,
user_30,Spider-Man: No Way Home,2021,7,2024-06-08,
user_04,One Flew Over the Cuckoo's Nest,1975,4,2024-07-09,
user_34,Blade Runner 2049,2017,5,2024-09-24,
user_43,A Real Pain,2024,7,2024-11-13,
user_06,The 400 Blows,1959,7,2024-09-24,
user_08,The Godfather Part II,1974,6,2024-03-06,
user_35,Minari,2020,5,2024-08-07,
jordan,Eraserhead,1977,9,2024-05-04,
user_22,Sing Sing,2023,7,2024-02-07,
user_11,Finding Nemo,2003,5,2024-11-25,
user_40,Little Women,2019,4,2024-11-06,
user_11,Jurassic World,2015,5,2024-03-02,
user_10,Everything Everywhere All at Once,2022,7,2024-11-23,
user_09,Stranger Than Paradise,1984,9,2024-12-24,
user_07,Toy Story 3,2010,7,2024-11-06,
user_46,Braveheart,1995,8,2024-02-25,
user_17,Blade Runner 2049,2017,5,2024-11-11,
jordan,Casino Royale,2006,6,2024-08-04,
user_11,Sing Sing,2023,7,2024-01-23,
user_46,Dope,2015,7,2024-12-19,
user_17,John Wick,2014,7,2024-05-22,
user_41,The Empire Strikes Back,1980,9,2024-12-27,
user_18,Titanic,1997,6,2024-12-13,
user_35,Punch-Drunk Love,2002,4,2024-09-14,
user_36,Booksmart,2019,7,2024-07-21,
user_33,Harry Potter and the Sorcerer's Stone,2001,3,2024-08-16,
user_46,Drive My Car,2021,6,2024-06-14,
jordan,Finding Nemo,2003,4,2024-07-16,
maya,Shakespeare in Love,1998,4,2024-11-14,
user_05,The Wrestler,2008,6,2024-05-23,
user_21,Nickel Boys,2024,7,2024-12-24,
user_03,After Yang,2021,5,2024-04-16,
user_35,Guardians of the Galaxy,2014,8,2024-06-07,
user_30,Ex Machina,2014,9,2024-02-12,
user_03,Petite Maman,2021,5,2024-02-07,
user_43,Amadeus,1984,8,2024-09-18,
user_14,Drive My Car,2021,7,2024-03-07,
user_04,The Incredibles,2004,5,2024-12-08,
user_01,Anatomy of a Fall,2023,9,2024-01-21,
user_32,Hereditary,2018,4,2024-09-03,
user_10,Sideways,2004,6,2024-12-21,
user_12,Red Rocket,2021,9,2024-05-28,
user_17,Guardians of the Galaxy,2014,4,2024-12-06,
user_05,Pig,2021,7,2024-04-04,
user_44,Black Panther,2018,6,2024-07-28,
user_18,Swiss Army Man,2016,5,2024-10-05,
jordan,Unforgiven,1992,7,2024-12-06,
user_45,Gravity,2013,6,2024-09-19,
user_15,Hard Truths,2024,8,2024-12-22,
user_11,The Souvenir,2019,8,2024-11-07,
sam,Nickel Boys,2024,6,2024-11-05,
user_10,Spider-Man: Across the Spider-Verse,2023,8,2024-05-15,
user_18,After Yang,2021,7,2024-02-18,
user_26,A Thousand and One,2023,10,2024-08-04,
riley,Dances with Wolves,1990,8,2024-10-20,
maya,WALL-E,2008,5,2024-06-10,
user_16,Good Time,2017,6,2024-01-03,
user_23,Interstellar,2014,7,2024-01-20,
user_01,Challengers,2024,10,2024-02-10,
user_41,Terms of Endearment,1983,9,2024-03-03,
user_18,Showing Up,2022,10,2024-10-23,
user_07,Lost in Translation,2003,8,2024-11-05,
user_41,Pan's Labyrinth,2006,5,2024-05-24,
user_06,The Prestige,2006,4,2024-02-24,
user_24,Dìdi,2024,7,2024-05-14,
user_35,Rushmore,1998,6,2024-06-20,
user_46,Passages,2023,6,2024-04-03,
user_10,Chariots of Fire,1981,7,2024-07-09,
user_08,Black Panther,2018,7,2024-05-15,
user_29,All Dirt Roads Taste of Salt,2023,8,2024-04-05,
user_41,Casino Royale,2006,5,2024-08-04,
user_22,The Wrestler,2008,8,2024-01-14,
user_01,Once Upon a Time in Hollywood,2019,9,2024-05-08,
user_24,Inside Out 2,2024,,2024-07-23,
user_34,The Theory of Everything,2014,3,2024-08-08,
user_43,No Country for Old Men,2007,7,2024-05-24,
user_05,C'mon C'mon,2021,7,2024-07-05,
user_07,Requiem for a Dream,2000,8,2024-07-15,
user_04,Booksmart,2019,5,2024-09-27,
user_03,His Three Daughters,2023,5,2024-04-14,
user_01,The Holdovers,2023,8,2024-11-03,
user_07,The Irishman,2019,8,2024-08-10,
user_04,Manchester by the Sea,2016,7,2024-05-11,
user_16,Get Out,2017,9,2024-03-18,
user_31,The Lord of the Rings: The Fellowship of the Ring,2001,9,2024-08-09,
user_12,Martha Marcy May Marlene,2011,8,2024-12-13,
user_17,Tár,2022,5,2024-08-09,
user_14,Moonlight,2016,6,2024-08-13,
user_37,Blue Velvet,1986,7,2024-11-27,
user_29,Goodfellas,1990,7,2024-04-27,
jordan,Joker,2019,5,2024-12-16,
sam,The Fabelmans,2022,7,2024-04-13,
user_45,How to Have Sex,2023,7,2024-08-11,
user_35,The Dark Knight Rises,2012,8,2024-12-17,
user_11,Wonder Woman,2017,7,2024-01-04,
user_42,Glass Onion,2022,7,2024-07-04,
user_31,Women Talking,2022,4,2024-03-20,
user_28,Thelma,2024,8,2024-01-04,
user_03,Hidden Figures,2016,7,2024-10-28,
user_26,Inside Out,2015,6,2024-01-26,
user_14,Frances Ha,2012,9,2024-12-20,
user_33,Portrait of a Lady on Fire,2019,7,2024-05-27,
user_32,Moonlight,2016,7,2024-03-10,
user_34,Boyhood,2014,7,2024-08-24,
user_05,The Lion King,1994,4,2024-12-23,
user_16,May December,2023,7,2024-04-27,
user_46,The Texas Chain Saw Massacre,1974,7,2024-06-13,
sam,Coco,2017,8,2024-12-02,
user_29,Longlegs,2024,8,2024-02-14,
user_16,The Avengers,2012,6,2024-11-16,
user_20,The Wolf of Wall Street,2013,7,2024-11-22,
user_29,The Zone of Interest,2023,7,2024-11-04,
user_16,The Lord of the Rings: The Fellowship of the Ring,2001,6,2024-03-23,
user_23,"sex, lies, and videotape",1989,8,2024-04-26,
user_26,An American in Paris,1951,9,2024-04-13,
user_34,The King's Speech,2010,5,2024-03-20,
user_40,Chariots of Fire,1981,10,2024-11-06,
user_46,May December,2023,7,2024-07-20,
user_05,Twilight,2008,6,2024-11-14,
user_03,American Fiction,2023,6,2024-10-25,
user_05,Spring Breakers,2012,7,2024-04-16,
user_01,Blade Runner 2049,2017,6,2024-08-20,
user_29,An American in Paris,1951,5,2024-03-08,
user_05,Requiem for a Dream,2000,8,2024-08-02,
user_11,American Beauty,1999,5,2024-12-03,
user_33,Memento,2000,4,2024-12-07,
user_27,Moonrise Kingdom,2012,5,2024-06-25,
user_31,Crazy Rich Asians,2018,7,2024-03-07,
user_12,Drive My Car,2021,8,2024-09-03,
maya,The Greatest Showman,2017,4,2024-02-24,
user_29,Joker,2019,6,2024-07-22,
user_17,Welcome to the Dollhouse,1995,7,2024-05-22,
user_40,From Here to Eternity,1953,7,2024-05-09,
user_01,The King's Speech,2010,5,2024-08-02,
user_46,First Reformed,2017,9,2024-11-11,
user_04,Furiosa: A Mad Max Saga,2024,6,2024-09-01,
user_24,Braveheart,1995,5,2024-06-01,
user_23,Joker,2019,6,2024-11-22,
user_19,The Blair Witch Project,1999,9,2024-06-26,
user_34,The Blair Witch Project,1999,8,2024-09-28,
user_27,Spider-Man: Into the Spider-Verse,2018,8,2024-10-26,
user_33,First Reformed,2017,7,2024-05-23,
maya,Drive,2011,8,2024-09-23,
user_41,Petite Maman,2021,6,2024-12-18,
riley,All Dirt Roads Taste of Salt,2023,8,2024-11-16,
user_18,All About Eve,1950,7,2024-05-22,
user_28,Punch-Drunk Love,2002,9,2024-04-12,
user_34,Around the World in 80 Days,1956,4,2024-05-17,
user_24,Bohemian Rhapsody,2018,6,2024-05-20,
user_27,Star Wars,1977,9,2024-09-13,
user_36,The Empire Strikes Back,1980,5,2024-12-11,
user_27,Lawrence of Arabia,1962,7,2024-08-14,
user_12,West Side Story,1961,6,2024-08-08,
user_44,Society of the Snow,2023,9,2024-02-08,
user_32,Wicked,2024,10,2024-10-17,
user_35,Boogie Nights,1997,3,2024-09-28,
jordan,The Greatest Showman,2017,5,2024-10-26,
user_45,Origin,2023,8,2024-09-27,
riley,Moonrise Kingdom,2012,8,2024-05-24,
user_14,"sex, lies, and videotape",1989,8,2024-05-07,
user_04,Janet Planet,2023,7,2024-04-15,
user_19,The Banshees of Inisherin,2022,9,2024-01-22,
user_27,Lady Bird,2017,5,2024-07-27,
user_23,Black Panther,2018,6,2024-06-05,
user_23,Wonder Woman,2017,5,2024-03-15,
user_41,Lady Bird,2017,6,2024-09-24,
user_46,The Zone of Interest,2023,,2024-03-21,
user_06,The French Connection,1971,4,2024-12-16,
user_45,Marty,1955,8,2024-06-13,
user_05,The Bridge on the River Kwai,1957,5,2024-05-24,
user_33,Return of the Jedi,1983,5,2024-05-06,
user_34,Top Gun: Maverick,2022,4,2024-09-10,
user_28,Monster,2023,9,2024-10-18,
user_05,The Sting,1973,6,2024-03-15,
user_20,It Follows,2014,7,2024-08-11,
maya,May December,2023,10,2024-03-07,
user_43,Furiosa: A Mad Max Saga,2024,7,2024-04-01,
user_35,From Here to Eternity,1953,10,2024-06-25,
user_16,All Dirt Roads Taste of Salt,2023,7,2024-05-21,
user_15,Stranger Than Paradise,1984,7,2024-12-24,
user_19,"sex, lies, and videotape",1989,9,2024-12-28,
user_03,Welcome to the Dollhouse,1995,5,2024-11-24,
sam,The Banshees of Inisherin,2022,6,2024-12-24,
user_28,Being John Malkovich,1999,10,2024-01-16,
user_16,Mission: Impossible - Fallout,2018,5,2024-06-10,
user_30,Past Lives,2023,8,2024-11-15,
user_06,Barbie,2023,6,2024-02-22,
user_36,The Farewell,2019,9,2024-08-21,
user_34,Avatar,2009,4,2024-09-02,
user_19,Frozen,2013,4,2024-09-19,
user_11,Everything Everywhere All at Once,2022,8,2024-08-07,
user_17,Under the Skin,2013,8,2024-01-08,
user_10,Wonder Woman,2017,6,2024-08-14,
user_38,Hidden Figures,2016,7,2024-12-03,
user_34,Petite Maman,2021,7,2024-05-12,
jordan,The Beast,2023,8,2024-11-09,
user_42,A Star Is Born,2018,8,2024-02-15,
user_07,Harry Potter and the Prisoner of Azkaban,2004,5,2024-12-05,
user_09,There Will Be Blood,2007,7,2024-08-15,
user_14,Phantom Thread,2017,7,2024-10-13,
user_14,Dìdi,2024,,2024-08-17,
user_22,Patton,1970,6,2024-02-26,
user_39,Wanda,1970,8,2024-12-19,
user_39,Spring Breakers,2012,9,2024-08-24,
user_41,After Yang,2021,4,2024-03-21,
user_35,"sex, lies, and videotape",1989,6,2024-06-02,
user_24,Chariots of Fire,1981,6,2024-12-10,
user_43,Crazy Rich Asians,2018,9,2024-11-08,
user_37,"Synecdoche, New York",2008,9,2024-05-27,
user_14,Mission: Impossible - Fallout,2018,6,2024-08-25,
user_42,The Big Sick,2017,8,2024-06-27,
maya,Little Women,2019,8,2024-01-03,
user_05,Mulholland Drive,2001,8,2024-09-02,
user_45,Avengers: Endgame,2019,6,2024-01-13,
user_29,Furious 7,2015,4,2024-12-06,
user_38,"Synecdoche, New York",2008,8,2024-08-06,
user_30,The Worst Person in the World,2021,9,2024-11-03,
user_19,Inglourious Basterds,2009,5,2024-02-12,
user_24,Guardians of the Galaxy,2014,6,2024-01-06,
user_45,Moonrise Kingdom,2012,7,2024-03-25,
user_20,Women Talking,2022,8,2024-06-26,
user_12,Manchester by the Sea,2016,8,2024-06-22,
user_18,Never Rarely Sometimes Always,2020,9,2024-11-08,
user_34,Septet: The Story of Hong Kong,2020,8,2024-04-19,
user_13,Batman Begins,2005,4,2024-06-15,
user_44,Spider-Man: Into the Spider-Verse,2018,3,2024-09-14,
user_36,Fight Club,1999,6,2024-01-08,
user_10,A Ghost Story,2017,7,2024-07-10,
user_26,Deadpool,2016,5,2024-05-22,
user_42,Kramer vs. Kramer,1979,4,2024-12-17,
user_04,A Beautiful Mind,2001,4,2024-06-12,
user_13,Room,2015,6,2024-06-16,
user_33,American Fiction,2023,8,2024-09-24,
user_27,The Worst Person in the World,2021,6,2024-02-27,
user_34,Children of Men,2006,5,2024-12-01,
user_23,RRR,2022,9,2024-09-06,
user_39,Lawrence of Arabia,1962,4,2024-08-05,
sam,The Lion King,1994,9,2024-11-20,
user_41,Society of the Snow,2023,4,2024-11-04,
user_43,Boyhood,2014,5,2024-03-06,
user_11,Gone Girl,2014,6,2024-09-27,
user_25,Uncut Gems,2019,8,2024-05-08,
user_02,Good One,2024,7,2024-09-26,
user_04,Phantom Thread,2017,6,2024-10-13,
user_31,The Apartment,1960,10,2024-06-25,
user_28,The Super Mario Bros. Movie,2023,6,2024-10-10,
user_14,The Social Network,2010,5,2024-11-28,
user_20,The Lion King,1994,7,2024-02-27,
user_34,Goodfellas,1990,5,2024-02-24,
user_32,The Shape of Water,2017,6,2024-11-01,
user_27,Avengers: Endgame,2019,10,2024-05-22,
user_09,Skyfall,2012,5,2024-04-05,
riley,Promising Young Woman,2020,9,2024-12-21,
user_35,The Outfit,2022,5,2024-02-04,
user_01,Showing Up,2022,7,2024-01-12,
user_23,Return of the Jedi,1983,6,2024-05-05,
user_01,The Zone of Interest,2023,8,2024-12-25,
user_03,The Brutalist,2024,6,2024-07-18,
user_16,Her,2013,7,2024-02-04,
user_39,Thor: Ragnarok,2017,5,2024-05-07,
user_18,The Lighthouse,2019,6,2024-05-20,
user_33,The Wrestler,2008,8,2024-06-01,
user_33,Marty,1955,7,2024-03-28,
user_46,Wanda,1970,6,2024-06-08,
user_42,Toy Story 3,2010,8,2024-12-19,
user_38,Society of the Snow,2023,8,2024-11-06,
user_04,The Green Knight,2021,7,2024-02-19,
user_03,Annie Hall,1977,8,2024-05-18,
user_03,The Hunger Games,2012,9,2024-05-08,
user_32,The 400 Blows,1959,6,2024-06-09,
user_14,The Wonder,2022,,2024-08-13,
user_46,Lost in Translation,2003,5,2024-09-16,
user_45,My Fair Lady,1964,6,2024-04-24,
user_15,Captain America: The Winter Soldier,2014,7,2024-03-22,
user_35,Get Out,2017,5,2024-05-21,
user_41,Monster,2023,3,2024-12-19,
user_18,The Banshees of Inisherin,2022,7,2024-05-24,
user_24,A Thousand and One,2023,5,2024-08-21,
user_14,The Lord of the Rings: The Return of the King,2003,8,2024-03-27,
user_31,After Hours,1985,4,2024-04-23,
user_44,The Incredibles,2004,7,2024-03-01,
user_19,Blue Velvet,1986,6,2024-10-08,
user_10,Shrek,2001,5,2024-12-08,
user_27,Goodfellas,1990,10,2024-06-27,
user_20,Chicago,2002,7,2024-11-13,
user_27,Eraserhead,1977,3,2024-06-04,
user_11,The Avengers,2012,7,2024-11-06,
user_18,The Super Mario Bros. Movie,2023,6,2024-04-28,
user_37,Fargo,1996,10,2024-07-14,
user_37,The Ice Storm,1997,9,2024-12-22,
user_35,Kramer vs. Kramer,1979,9,2024-04-06,
user_09,In the Heat of the Night,1967,6,2024-04-17,
user_36,Martha Marcy May Marlene,2011,9,2024-01-20,
user_34,Punch-Drunk Love,2002,,2024-12-28,
user_19,The Substance,2024,8,2024-12-01,
user_12,A Ghost Story,2017,8,2024-09-25,
user_34,The Brutalist,2024,6,2024-08-25,
user_36,Oliver!,1968,5,2024-11-09,
user_42,The Wonder,2022,5,2024-12-26,
user_02,A Man for All Seasons,1966,6,2024-07-05,
user_04,Crazy Rich Asians,2018,4,2024-09-13,
user_27,Avatar,2009,9,2024-10-07,
user_45,Do the Right Thing,1989,9,2024-03-14,
user_19,1917,2019,3,2024-02-03,
user_34,Fallen Leaves,2023,7,2024-11-10,
user_27,Oliver!,1968,7,2024-01-20,
user_29,The Incredibles,2004,5,2024-12-12,
user_36,The Dark Knight,2008,4,2024-08-10,
user_31,Wicked,2024,10,2024-06-09,
user_27,Good Time,2017,5,2024-01-01,
user_30,Moonrise Kingdom,2012,8,2024-11-12,
user_04,Black Swan,2010,7,2024-12-21,
user_25,Fallen Leaves,2023,9,2024-06-04,
riley,Twilight,2008,6,2024-11-26,
user_44,The Hunger Games,2012,5,2024-07-09,
user_36,My Fair Lady,1964,3,2024-09-21,
riley,Inception,2010,7,2024-08-22,
user_19,The Whale,2022,6,2024-05-24,
user_20,"sex, lies, and videotape",1989,6,2024-05-27,
user_38,How to Have Sex,2023,8,2024-08-21,
user_12,Nickel Boys,2024,9,2024-12-01,
user_31,How to Have Sex,2023,6,2024-10-12,
user_07,Good One,2024,8,2024-11-04,
jordan,A Man for All Seasons,1966,5,2024-01-03,
user_14,Sound of Metal,2019,6,2024-06-09,
user_20,Midnight Cowboy,1969,6,2024-11-02,
user_35,West Side Story,1961,8,2024-11-01,
user_34,West Side Story,1961,6,2024-11-09,
user_11,Decision to Leave,2022,,2024-04-21,
user_04,Call Me by Your Name,2017,8,2024-06-19,
user_24,Stranger Than Paradise,1984,8,2024-03-14,
user_37,Manchester by the Sea,2016,10,2024-06-08,
user_12,Promising Young Woman,2020,8,2024-03-01,
user_17,Red Rocket,2021,6,2024-11-18,
user_05,The Holdovers,2023,5,2024-02-09,
jordan,Donnie Darko,2001,8,2024-10-23,
user_41,Brokeback Mountain,2005,5,2024-05-12,
user_33,Toy Story,1995,6,2024-12-13,
user_02,My Fair Lady,1964,5,2024-10-17,
user_25,Wicked,2024,9,2024-03-03,
user_27,Fight Club,1999,9,2024-02-02,
user_15,The Lighthouse,2019,9,2024-12-21,
user_11,Moonlight,2016,9,2024-09-17,
sam,Decision to Leave,2022,5,2024-10-03,
user_29,Furiosa: A Mad Max Saga,2024,5,2024-10-21,
user_45,Midsommar,2019,7,2024-09-19,
user_16,Being John Malkovich,1999,7,2024-07-07,
user_35,Sideways,2004,6,2024-06-10,
user_19,Chicago,2002,4,2024-02-03,
user_23,Lady Bird,2017,10,2024-08-21,
user_08,Drive My Car,2021,7,2024-01-11,
user_09,Spring Breakers,2012,6,2024-07-08,
user_03,John Wick,2014,9,2024-07-17,
user_19,The Holdovers,2023,9,2024-12-14,
user_39,A Star Is Born,2018,5,2024-04-05,
user_05,The Brutalist,2024,8,2024-11-03,
user_17,The Lord of the Rings: The Fellowship of the Ring,2001,4,2024-10-20,
user_30,A Real Pain,2024,9,2024-11-02,
user_03,Pulp Fiction,1994,5,2024-04-28,
user_43,Black Swan,2010,4,2024-05-14,
user_01,Captain America: The Winter Soldier,2014,4,2024-07-03,
user_13,Pulp Fiction,1994,9,2024-08-16,
user_36,John Wick,2014,7,2024-11-16,
user_39,The Batman,2022,4,2024-01-19,
jordan,Wonder Woman,2017,8,2024-08-01,
user_20,The Taste of Things,2023,8,2024-08-16,
riley,Midsommar,2019,7,2024-02-05,
user_29,Boyhood,2014,8,2024-09-07,
user_21,WALL-E,2008,7,2024-10-15,
user_26,Once Upon a Time in Hollywood,2019,6,2024-11-13,
user_05,The Worst Person in the World,2021,10,2024-11-24,
user_34,The Shape of Water,2017,7,2024-07-26,
user_19,Night of the Living Dead,1968,9,2024-06-09,
user_11,Terms of Endearment,1983,6,2024-08-09,
user_04,The Grand Budapest Hotel,2014,8,2024-11-06,
user_20,RRR,2022,7,2024-06-02,
sam,Ben-Hur,1959,8,2024-07-02,
user_09,Mission: Impossible - Fallout,2018,5,2024-11-16,
user_32,The Greatest Show on Earth,1952,9,2024-04-27,
user_40,RRR,2022,6,2024-12-14,
user_19,"Synecdoche, New York",2008,9,2024-07-15,
user_26,Fallen Leaves,2023,7,2024-03-03,
user_32,The Ice Storm,1997,5,2024-03-25,
user_43,Fallen Leaves,2023,5,2024-03-17,
user_37,A Real Pain,2024,9,2024-04-25,
user_24,The Grand Budapest Hotel,2014,7,2024-06-23,
maya,A Ghost Story,2017,7,2024-09-09,
user_04,Aftersun,2022,6,2024-05-08,
user_36,Origin,2023,10,2024-02-26,
user_27,Amadeus,1984,8,2024-03-21,
user_12,The Martian,2015,5,2024-07-22,
user_19,Hidden Figures,2016,5,2024-12-19,
user_38,Anora,2024,8,2024-12-03,
user_29,Arrival,2016,5,2024-03-11,
user_17,Stranger Than Paradise,1984,8,2024-04-27,
user_05,Tár,2022,6,2024-08-09,
user_39,Schindler's List,1993,7,2024-04-22,
user_41,Tár,2022,6,2024-04-28,
user_32,Priscilla,2023,6,2024-03-28,
user_16,Oppenheimer,2023,4,2024-04-18,
user_28,Spider-Man: Into the Spider-Verse,2018,5,2024-12-20,
user_05,Around the World in 80 Days,1956,7,2024-09-12,
user_32,The Worst Person in the World,2021,6,2024-05-09,
user_21,American Beauty,1999,6,2024-01-19,
user_34,Nickel Boys,2024,9,2024-06-01,
user_36,Thor: Ragnarok,2017,4,2024-03-17,
user_14,Annie Hall,1977,6,2024-06-02,
user_25,Captain America: The Winter Soldier,2014,7,2024-03-24,
user_33,Call Me by Your Name,2017,5,2024-03-15,
user_39,Pulp Fiction,1994,9,2024-04-25,
user_41,A Serious Man,2009,5,2024-07-11,
user_20,Martha Marcy May Marlene,2011,7,2024-04-28,
user_11,Pirates of the Caribbean: The Curse of the Black Pearl,2003,6,2024-09-13,
user_36,Ex Machina,2014,8,2024-10-08,
user_27,Wonder Woman,2017,9,2024-04-03,
user_18,Jurassic World,2015,6,2024-06-03,
user_18,The Teachers' Lounge,2023,7,2024-08-27,
user_12,The Brutalist,2024,10,2024-05-20,
user_20,Frozen,2013,6,2024-01-09,
sam,Around the World in 80 Days,1956,7,2024-10-22,
user_13,Do the Right Thing,1989,7,2024-05-23,
user_33,Coco,2017,4,2024-06-10,
user_19,The Lion King,1994,6,2024-12-10,
user_30,Thor: Ragnarok,2017,8,2024-07-10,
user_39,The Virgin Suicides,1999,10,2024-12-16,
user_35,Donnie Darko,2001,4,2024-12-20,
user_16,Nomadland,2020,8,2024-10-07,
user_18,The Zone of Interest,2023,6,2024-05-24,
user_15,Wicked,2024,5,2024-08-24,
user_44,The Whale,2022,10,2024-05-18,
user_38,Parasite,2019,8,2024-06-21,
user_39,Good One,2024,9,2024-02-19,
user_12,Do the Right Thing,1989,8,2024-07-11,
user_24,Crazy Rich Asians,2018,4,2024-03-09,
user_06,The Souvenir,2019,8,2024-10-22,
user_44,Call Me by Your Name,2017,9,2024-05-21,
user_27,West Side Story,1961,9,2024-06-27,
user_24,Phantom Thread,2017,7,2024-10-28,
user_34,Interstellar,2014,5,2024-03-16,
user_39,A Ghost Story,2017,9,2024-03-04,
user_30,Guardians of the Galaxy,2014,7,2024-10-07,
user_38,Priscilla,2023,9,2024-04-06,
user_30,Gigi,1958,4,2024-12-08,
user_29,La La Land,2016,6,2024-09-26,
user_01,Spider-Man: Into the Spider-Verse,2018,4,2024-10-03,
user_11,Harry Potter and the Prisoner of Azkaban,2004,6,2024-10-28,
user_03,Marty,1955,8,2024-07-19,
user_09,All of Us Strangers,2023,8,2024-12-22,
user_16,Toy Story,1995,7,2024-10-12,
user_29,The Shape of Water,2017,8,2024-07-02,
sam,Origin,2023,4,2024-06-28,
user_11,Wicked,2024,7,2024-01-25,
sam,Django Unchained,2012,9,2024-03-07,
user_23,Passages,2023,7,2024-07-03,
user_29,Clerks,1994,7,2024-02-16,
user_18,The Matrix,1999,6,2024-07-02,
user_41,All Dirt Roads Taste of Salt,2023,5,2024-09-17,
user_05,The Lobster,2015,7,2024-05-23,
user_24,Her,2013,6,2024-07-03,
user_28,Django Unchained,2012,5,2024-05-08,
user_20,Boogie Nights,1997,9,2024-12-26,
user_30,Get Out,2017,7,2024-11-18,
user_05,Iron Man,2008,7,2024-11-10,
user_12,All About Eve,1950,7,2024-02-10,
user_29,My Fair Lady,1964,5,2024-02-03,
user_41,Good Time,2017,6,2024-03-26,
user_43,Chariots of Fire,1981,8,2024-10-21,
user_05,Platoon,1986,7,2024-09-08,
user_46,His Three Daughters,2023,9,2024-12-20,
user_02,A Ghost Story,2017,8,2024-01-02,
user_19,The Worst Person in the World,2021,7,2024-11-13,
user_31,Everything Everywhere All at Once,2022,5,2024-11-25,
user_13,The Texas Chain Saw Massacre,1974,8,2024-08-19,
user_01,Jurassic Park,1993,5,2024-09-13,
user_28,Mulholland Drive,2001,10,2024-09-06,
user_36,Whiplash,2014,5,2024-03-28,
user_07,The Teachers' Lounge,2023,10,2024-03-11,
user_06,The Brutalist,2024,7,2024-09-12,
user_37,Inside Out 2,2024,5,2024-01-13,
user_23,Decision to Leave,2022,8,2024-06-26,
user_38,Uncut Gems,2019,7,2024-04-27,
user_23,Anatomy of a Fall,2023,8,2024-11-15,
user_20,A Thousand and One,2023,8,2024-01-20,
sam,The Substance,2024,4,2024-07-23,
user_39,Clerks,1994,7,2024-03-18,
user_43,Gladiator,2000,9,2024-03-03,
user_35,Black Swan,2010,4,2024-09-12,
riley,Whiplash,2014,8,2024-11-13,
user_34,Whiplash,2014,6,2024-07-25,
user_46,Close,2022,6,2024-09-08,
maya,Rocky,1976,7,2024-05-15,
user_36,The Godfather Part II,1974,5,2024-09-27,
user_18,Batman Begins,2005,5,2024-06-15,
user_24,Little Women,2019,7,2024-07-17,
user_21,After Hours,1985,7,2024-11-28,
user_39,Pig,2021,10,2024-07-08,
user_10,Jurassic Park,1993,9,2024-09-10,
user_31,Tenet,2020,8,2024-07-21,
user_41,Finding Nemo,2003,9,2024-04-28,
user_17,Little Miss Sunshine,2006,7,2024-11-13,
user_22,Moonrise Kingdom,2012,6,2024-09-13,
user_32,Interstellar,2014,6,2024-10-24,
user_05,In the Heat of the Night,1967,3,2024-05-15,
user_32,Brokeback Mountain,2005,6,2024-07-05,
user_37,Drive,2011,7,2024-08-12,
user_13,Boogie Nights,1997,8,2024-07-03,
user_11,Passages,2023,7,2024-09-22,
user_19,Arrival,2016,,2024-08-11,
user_27,The Godfather Part II,1974,9,2024-03-09,
user_01,Star Wars,1977,5,2024-03-24,
user_45,"sex, lies, and videotape",1989,8,2024-04-28,
user_25,CODA,2021,7,2024-01-27,
user_12,Ordinary People,1980,5,2024-03-15,
user_29,Mulholland Drive,2001,6,2024-01-18,
user_37,Kramer vs. Kramer,1979,3,2024-01-11,
user_27,Inception,2010,10,2024-07-01,
user_34,C'mon C'mon,2021,,2024-07-01,
user_21,Harry Potter and the Prisoner of Azkaban,2004,9,2024-10-20,
user_39,Get Out,2017,9,2024-01-09,
user_03,Oliver!,1968,10,2024-11-22,
user_05,Fight Club,1999,5,2024-01-28,
user_21,Tenet,2020,6,2024-08-15,
user_29,Once Upon a Time in Hollywood,2019,6,2024-12-04,
user_44,Hard Truths,2024,9,2024-12-05,
user_30,Ben-Hur,1959,6,2024-09-28,
user_25,Tokyo Story,1953,8,2024-06-28,
user_28,Good Time,2017,9,2024-10-21,
user_31,Once Upon a Time in Hollywood,2019,4,2024-06-12,
user_44,A Beautiful Mind,2001,6,2024-04-15,
user_46,The Hunger Games,2012,6,2024-01-12,
user_01,The Greatest Show on Earth,1952,6,2024-03-03,
user_46,Hard Truths,2024,9,2024-03-05,
user_02,An American in Paris,1951,8,2024-09-18,
user_35,Living,2022,6,2024-03-08,
jordan,Tár,2022,7,2024-11-20,
user_05,The Lord of the Rings: The Two Towers,2002,5,2024-09-14,
sam,Lincoln,2012,8,2024-04-28,
user_34,Captain America: The Winter Soldier,2014,4,2024-12-16,
user_01,Stranger Than Paradise,1984,10,2024-03-27,
user_02,Do the Right Thing,1989,9,2024-03-01,
user_06,The Banshees of Inisherin,2022,6,2024-02-18,
user_27,Transformers,2007,8,2024-03-11,
user_22,The Lobster,2015,7,2024-05-13,
user_31,Red Rocket,2021,7,2024-05-16,
sam,Dances with Wolves,1990,10,2024-02-05,
user_22,Jurassic World,2015,7,2024-05-24,
user_39,Marty,1955,6,2024-08-04,
user_46,Dune,2021,7,2024-11-07,
user_36,Oppenheimer,2023,5,2024-03-09,
user_20,The Greatest Showman,2017,8,2024-10-05,
user_40,Spider-Man: No Way Home,2021,7,2024-01-09,
user_11,Longlegs,2024,8,2024-09-24,
riley,Petite Maman,2021,8,2024-07-17,
maya,It Follows,2014,10,2024-05-06,
user_21,Braveheart,1995,6,2024-05-22,
user_32,Marriage Story,2019,7,2024-05-03,
user_03,The Martian,2015,8,2024-08-28,
user_28,Reservoir Dogs,1992,9,2024-04-10,
user_29,Amadeus,1984,5,2024-07-28,
user_12,Hereditary,2018,8,2024-03-06,
user_30,Society of the Snow,2023,10,2024-03-05,
user_29,The Lighthouse,2019,7,2024-04-15,
user_25,Slumdog Millionaire,2008,5,2024-04-04,
user_08,Moonlight,2016,7,2024-01-13,
user_06,Close,2022,8,2024-03-03,
user_32,Blue Velvet,1986,6,2024-01-10,
user_15,The Hunger Games,2012,6,2024-12-22,
user_06,Nomadland,2020,7,2024-02-16,
user_10,Ben-Hur,1959,7,2024-10-17,
user_10,Call Me by Your Name,2017,7,2024-08-25,
user_11,Reservoir Dogs,1992,8,2024-05-12,
user_38,The Florida Project,2017,6,2024-03-02,
user_23,Furious 7,2015,6,2024-08-06,
user_32,The Bridge on the River Kwai,1957,8,2024-07-02,
sam,The Brutalist,2024,6,2024-11-04,
user_35,The Apartment,1960,8,2024-02-08,
user_23,Gravity,2013,8,2024-02-18,
user_09,Minari,2020,9,2024-03-10,
user_05,The 400 Blows,1959,7,2024-01-19,
user_02,A Thousand and One,2023,8,2024-04-10,
user_18,Decision to Leave,2022,6,2024-08-25,
user_19,Avatar,2009,5,2024-01-26,
user_39,The Silence of the Lambs,1991,7,2024-11-12,
user_40,Lawrence of Arabia,1962,9,2024-05-02,
user_27,Passages,2023,4,2024-02-09,
user_30,Anatomy of a Fall,2023,10,2024-05-11,
user_18,How to Have Sex,2023,9,2024-09-28,
user_20,Under the Skin,2013,8,2024-03-10,
user_03,The 400 Blows,1959,6,2024-08-22,
user_21,Pan's Labyrinth,2006,7,2024-11-03,
user_34,Sing Sing,2023,7,2024-06-21,
user_40,The Lighthouse,2019,7,2024-03-03,
user_07,Mad Max: Fury Road,2015,7,2024-06-06,
riley,Blade Runner 2049,2017,7,2024-12-08,
user_09,The Fabelmans,2022,9,2024-03-19,
user_42,Perfect Days,2023,6,2024-08-04,
user_36,How to Have Sex,2023,7,2024-08-09,
user_30,Django Unchained,2012,5,2024-12-06,
user_35,Unforgiven,1992,9,2024-09-04,
user_24,The Batman,2022,6,2024-12-07,
user_30,Licorice Pizza,2021,7,2024-05-20,
user_13,One Flew Over the Cuckoo's Nest,1975,6,2024-02-10,
user_29,One Flew Over the Cuckoo's Nest,1975,6,2024-01-05,
sam,Under the Skin,2013,7,2024-09-01,
user_24,Ordinary People,1980,6,2024-05-23,
user_36,Gladiator,2000,4,2024-09-03,
user_46,No Time to Die,2021,7,2024-04-27,
user_11,Challengers,2024,8,2024-10-04,
user_33,Finding Nemo,2003,7,2024-05-03,
user_06,Moonlight,2016,6,2024-03-20,
user_14,The Matrix Reloaded,2003,6,2024-12-04,
riley,Hidden Figures,2016,8,2024-02-28,
user_10,All of Us Strangers,2023,5,2024-02-04,
user_14,Amadeus,1984,5,2024-04-17,
maya,Pan's Labyrinth,2006,9,2024-09-25,
user_28,Jojo Rabbit,2019,7,2024-09-15,
user_12,Around the World in 80 Days,1956,5,2024-12-28,
user_32,The Virgin Suicides,1999,6,2024-12-05,
user_28,It Follows,2014,,2024-04-16,
riley,Goodfellas,1990,8,2024-11-27,
user_27,Se7en,1995,8,2024-04-02,
user_27,After Hours,1985,6,2024-01-14,
user_44,In the Heat of the Night,1967,5,2024-02-09,
user_29,Blade Runner 2049,2017,6,2024-01-08,
user_11,Monster,2023,8,2024-12-14,
user_38,American Fiction,2023,7,2024-10-05,
sam,The Killing of a Sacred Deer,2017,5,2024-03-10,
user_11,Frances Ha,2012,7,2024-08-12,
user_04,Get Out,2017,9,2024-03-22,
user_22,Little Women,2019,6,2024-03-07,
user_23,The Whale,2022,8,2024-11-01,
user_29,Coco,2017,6,2024-06-12,
user_46,Marty,1955,7,2024-02-22,
sam,No Time to Die,2021,8,2024-05-24,
user_38,Iron Man,2008,8,2024-01-13,
riley,His Three Daughters,2023,9,2024-09-07,
jordan,Persona,1966,8,2024-01-12,
user_45,Frances Ha,2012,8,2024-09-23,
user_40,The Sting,1973,9,2024-08-20,
user_15,Spider-Man: Into the Spider-Verse,2018,7,2024-04-21,
user_14,John Wick: Chapter 4,2023,5,2024-10-24,
user_02,The Godfather,1972,5,2024-09-13,
user_41,The Blair Witch Project,1999,5,2024-03-08,
user_20,Stranger Than Paradise,1984,8,2024-08-03,
user_19,La La Land,2016,6,2024-08-23,
user_11,Nomadland,2020,9,2024-10-18,
riley,Tár,2022,7,2024-07-15,
jordan,The Taste of Things,2023,8,2024-09-17,
jordan,Forrest Gump,1994,5,2024-03-26,
user_23,Pan's Labyrinth,2006,6,2024-09-23,
user_38,Avengers: Infinity War,2018,7,2024-08-10,
user_10,The Beast,2023,6,2024-10-05,
user_43,Perfect Days,2023,5,2024-04-02,
riley,Inside Out,2015,6,2024-04-13,
user_39,Parasite,2019,8,2024-05-13,
user_16,The Shape of Water,2017,8,2024-04-04,
user_01,Slumdog Millionaire,2008,5,2024-08-21,
user_05,Promising Young Woman,2020,4,2024-05-07,
user_21,After Yang,2021,8,2024-07-21,
user_18,One Flew Over the Cuckoo's Nest,1975,6,2024-03-21,
user_21,Spider-Man: Across the Spider-Verse,2023,5,2024-04-13,
user_11,The Witch,2015,8,2024-05-11,
user_39,Gone Girl,2014,3,2024-11-02,
user_05,The Fabelmans,2022,7,2024-08-25,
user_19,Thelma,2024,9,2024-03-23,
user_30,Anora,2024,7,2024-10-09,
user_07,Shakespeare in Love,1998,5,2024-12-05,
user_36,Spider-Man: Into the Spider-Verse,2018,4,2024-09-12,
user_15,Portrait of a Lady on Fire,2019,7,2024-02-15,
user_41,Midnight Cowboy,1969,8,2024-09-26,
user_28,Bicycle Thieves,1948,8,2024-12-20,
user_03,Braveheart,1995,9,2024-01-18,
user_08,RRR,2022,7,2024-09-05,
jordan,Marty,1955,6,2024-02-09,
user_24,Kramer vs. Kramer,1979,5,2024-05-04,
user_38,Promising Young Woman,2020,8,2024-08-20,
user_30,Dìdi,2024,8,2024-05-09,
user_20,CODA,2021,7,2024-11-20,
user_20,Skyfall,2012,8,2024-12-08,
user_38,Portrait of a Lady on Fire,2019,10,2024-01-14,
user_16,Avatar: The Way of Water,2022,5,2024-01-17,
user_26,Hereditary,2018,6,2024-02-16,
user_26,Boyhood,2014,8,2024-02-12,
user_16,Crash,2004,5,2024-03-18,
user_39,The Godfather Part II,1974,5,2024-01-20,
user_20,All Dirt Roads Taste of Salt,2023,7,2024-01-12,
user_28,Glass Onion,2022,5,2024-04-22,
user_37,Easy Rider,1969,10,2024-06-24,
jordan,Petite Maman,2021,8,2024-07-09,
user_07,Avengers: Infinity War,2018,4,2024-02-24,
user_03,Dune,2021,9,2024-09-24,
user_06,Once Upon a Time in Hollywood,2019,6,2024-03-15,
user_19,Furious 7,2015,4,2024-01-23,
user_07,Blue Velvet,1986,8,2024-03-04,
user_13,Parasite,2019,9,2024-04-05,
user_24,The Taste of Things,2023,7,2024-10-15,
user_45,The Irishman,2019,9,2024-06-22,
user_26,Spider-Man: No Way Home,2021,8,2024-11-02,
user_17,Eraserhead,1977,7,2024-10-02,
user_12,Sideways,2004,9,2024-07-15,
sam,Wanda,1970,4,2024-11-13,
user_45,Parasite,2019,8,2024-05-25,
user_15,Minari,2020,6,2024-04-19,
user_09,Pulp Fiction,1994,7,2024-11-01,
user_22,The Wolf of Wall Street,2013,6,2024-10-03,
user_35,Bicycle Thieves,1948,6,2024-09-15,
user_38,Swiss Army Man,2016,8,2024-02-22,
user_02,Schindler's List,1993,5,2024-10-08,
user_22,Never Rarely Sometimes Always,2020,8,2024-10-06,
user_19,All of Us Strangers,2023,8,2024-07-15,
sam,No Country for Old Men,2007,5,2024-08-01,
user_25,Longlegs,2024,7,2024-05-01,
user_07,The Killing of a Sacred Deer,2017,8,2024-12-14,
user_01,Swiss Army Man,2016,10,2024-06-12,
user_22,Pan's Labyrinth,2006,7,2024-06-21,
user_37,Boogie Nights,1997,9,2024-06-07,
user_45,Hereditary,2018,7,2024-10-20,
user_03,The Wrestler,2008,5,2024-04-27,
jordan,Dune: Part Two,2024,6,2024-05-11,
user_30,Harry Potter and the Sorcerer's Stone,2001,6,2024-05-11,
user_05,Moonlight,2016,8,2024-10-14,
user_43,Tár,2022,4,2024-11-19,
user_21,Night of the Living Dead,1968,7,2024-05-07,
user_40,Donnie Darko,2001,4,2024-06-06,
user_02,Midnight Cowboy,1969,4,2024-07-23,
user_25,Chariots of Fire,1981,5,2024-11-12,
maya,Glass Onion,2022,7,2024-01-22,
user_27,Around the World in 80 Days,1956,10,2024-06-21,
sam,Bicycle Thieves,1948,5,2024-03-03,
user_46,John Wick: Chapter 4,2023,8,2024-11-17,
user_20,No Country for Old Men,2007,6,2024-11-01,
user_35,Titanic,1997,8,2024-08-02,
user_37,Inglourious Basterds,2009,6,2024-03-05,
user_40,Ex Machina,2014,4,2024-03-13,
user_12,The Social Network,2010,6,2024-09-05,
user_46,The Florida Project,2017,5,2024-02-09,
user_21,"Synecdoche, New York",2008,7,2024-03-14,
user_35,Annie Hall,1977,7,2024-06-03,
user_09,Room,2015,6,2024-03-08,
user_39,The Banshees of Inisherin,2022,10,2024-07-03,
user_19,Django Unchained,2012,4,2024-03-17,
jordan,Glass Onion,2022,4,2024-01-10,
user_36,Zodiac,2007,7,2024-11-05,
sam,The Deer Hunter,1978,10,2024-12-09,
user_03,Crazy Rich Asians,2018,10,2024-07-13,
user_37,The Dark Knight Rises,2012,4,2024-04-13,
user_46,Hidden Figures,2016,5,2024-10-05,
riley,Marty,1955,7,2024-12-02,
user_27,Saving Private Ryan,1998,8,2024-10-04,
sam,Brokeback Mountain,2005,5,2024-04-24,
user_03,The Wonder,2022,5,2024-01-05,
user_46,Anora,2024,6,2024-03-11,
user_20,Sound of Metal,2019,6,2024-01-16,
user_22,The Irishman,2019,7,2024-07-24,
user_45,The Banshees of Inisherin,2022,8,2024-05-04,
user_42,Dune: Part Two,2024,6,2024-12-06,
user_44,Titanic,1997,4,2024-02-28,
user_23,The Dark Knight,2008,8,2024-01-04,
user_10,Anatomy of a Fall,2023,6,2024-03-23,
user_10,The Big Sick,2017,6,2024-11-21,
user_39,The Teachers' Lounge,2023,10,2024-10-04,
user_20,Frances Ha,2012,7,2024-01-24,
user_12,Booksmart,2019,10,2024-02-04,
user_17,Spider-Man: Across the Spider-Verse,2023,6,2024-02-17,
user_16,Avatar,2009,7,2024-03-02,
user_29,The Witch,2015,9,2024-05-05,
user_21,Pulp Fiction,1994,6,2024-08-28,
user_17,Juno,2007,7,2024-06-20,
riley,All of Us Strangers,2023,10,2024-01-16,
user_36,Sing Sing,2023,10,2024-03-04,
user_14,Avengers: Endgame,2019,4,2024-09-25,
user_20,Beasts of the Southern Wild,2012,6,2024-03-09,
user_17,Punch-Drunk Love,2002,7,2024-07-14,
user_22,Decision to Leave,2022,7,2024-02-08,
user_32,Black Panther,2018,7,2024-06-23,
user_28,Pirates of the Caribbean: The Curse of the Black Pearl,2003,,2024-06-10,
user_35,Winter's Bone,2010,5,2024-09-23,
user_19,Longlegs,2024,9,2024-08-11,
user_39,Rushmore,1998,6,2024-04-06,
user_31,Annie Hall,1977,7,2024-06-11,
user_43,No Time to Die,2021,8,2024-06-26,
user_04,The Virgin Suicides,1999,7,2024-08-05,
riley,Living,2022,6,2024-03-18,
user_10,Priscilla,2023,9,2024-01-25,
jordan,Moonrise Kingdom,2012,5,2024-06-23,
user_12,Top Gun: Maverick,2022,4,2024-09-20,
user_09,Everything Everywhere All at Once,2022,8,2024-02-01,
user_44,"sex, lies, and videotape",1989,8,2024-04-02,
user_32,A Real Pain,2024,5,2024-09-04,
user_32,Marty,1955,8,2024-12-02,
user_05,Dìdi,2024,7,2024-06-15,
user_42,It Follows,2014,7,2024-04-26,
user_15,Dances with Wolves,1990,5,2024-05-16,
user_16,Saving Private Ryan,1998,6,2024-05-12,
user_03,Up,2009,9,2024-11-14,
user_32,Reservoir Dogs,1992,3,2024-08-17,
user_26,Challengers,2024,6,2024-05-13,
user_12,The Souvenir,2019,8,2024-10-24,
user_04,Dìdi,2024,8,2024-07-11,
user_04,No Country for Old Men,2007,8,2024-02-04,
user_09,The Incredibles,2004,4,2024-07-01,
user_19,The Greatest Show on Earth,1952,7,2024-12-27,
jordan,Parasite,2019,7,2024-05-25,
user_29,Hard Truths,2024,6,2024-09-07,
user_46,Chariots of Fire,1981,7,2024-07-06,
user_20,Pan's Labyrinth,2006,5,2024-04-05,
user_01,La La Land,2016,5,2024-02-09,
user_39,The Worst Person in the World,2021,6,2024-12-08,
riley,Being John Malkovich,1999,7,2024-05-11,
user_45,Gladiator,2000,8,2024-07-19,
user_44,Phantom Thread,2017,8,2024-07-22,
user_05,Stranger Than Paradise,1984,6,2024-07-26,
riley,CODA,2021,9,2024-10-08,
user_12,Gandhi,1982,6,2024-07-10,
user_24,The Seventh Seal,1957,6,2024-01-12,
user_44,The Lion King,1994,7,2024-07-11,
user_09,Longlegs,2024,7,2024-07-05,
user_23,Room,2015,8,2024-03-13,
user_38,Get Out,2017,9,2024-11-03,
user_46,Licorice Pizza,2021,4,2024-05-10,
user_17,Argo,2012,6,2024-07-12,
user_03,Promising Young Woman,2020,4,2024-07-21,
user_20,Avengers: Endgame,2019,7,2024-03-18,
sam,The Apartment,1960,7,2024-12-18,
user_23,Phantom Thread,2017,,2024-02-03,
user_04,Children of Men,2006,5,2024-01-15,
user_44,Up,2009,5,2024-10-19,
user_05,Terms of Endearment,1983,,2024-04-10,
user_01,Transformers,2007,6,2024-10-01,
user_11,Rocky,1976,8,2024-03-01,
jordan,Batman Begins,2005,3,2024-12-07,
user_08,Rocky,1976,6,2024-12-20,
user_04,The Lion King,1994,5,2024-11-22,
user_14,Furiosa: A Mad Max Saga,2024,5,2024-12-17,
user_18,The Batman,2022,8,2024-03-08,
user_17,Longlegs,2024,9,2024-09-15,
user_27,Skyfall,2012,9,2024-03-13,
user_35,Red Rocket,2021,5,2024-09-10,
user_27,Black Swan,2010,5,2024-01-04,
user_17,Rushmore,1998,7,2024-07-15,
user_20,Juno,2007,9,2024-05-22,
user_07,Argo,2012,5,2024-05-05,
user_12,Petite Maman,2021,10,2024-11-20,
user_04,1917,2019,4,2024-04-26,
user_03,Chicago,2002,7,2024-08-15,
user_43,May December,2023,4,2024-07-07,
user_09,Furiosa: A Mad Max Saga,2024,5,2024-05-06,
user_43,Sing Sing,2023,4,2024-06-04,
jordan,The Lord of the Rings: The Return of the King,2003,5,2024-04-22,
user_24,Toy Story 3,2010,7,2024-11-27,
user_29,Wicked,2024,6,2024-04-02,
user_35,Jojo Rabbit,2019,4,2024-08-07,
user_04,Interstellar,2014,5,2024-12-03,
user_16,After Hours,1985,8,2024-09-24,
user_35,The Taste of Things,2023,5,2024-05-05,
user_40,Passages,2023,4,2024-02-24,
user_34,The Sound of Music,1965,4,2024-09-03,
user_08,Boogie Nights,1997,7,2024-09-13,
maya,A Man for All Seasons,1966,7,2024-12-24,
user_33,Jojo Rabbit,2019,7,2024-12-16,
riley,The Bridge on the River Kwai,1957,6,2024-11-14,
user_46,Finding Nemo,2003,7,2024-03-15,
user_39,The Imitation Game,2014,5,2024-01-16,
user_17,WALL-E,2008,6,2024-11-23,
user_07,Gravity,2013,5,2024-09-09,
user_29,The Empire Strikes Back,1980,3,2024-05-11,
jordan,Lawrence of Arabia,1962,5,2024-01-08,
user_41,From Here to Eternity,1953,7,2024-05-01,
user_18,Mulholland Drive,2001,7,2024-10-14,
user_12,Ben-Hur,1959,5,2024-02-05,
user_30,Under the Skin,2013,10,2024-09-23,
user_46,The Shape of Water,2017,10,2024-12-06,
user_37,Jurassic World,2015,5,2024-02-12,
user_15,John Wick: Chapter 4,2023,9,2024-09-17,
user_33,The Farewell,2019,5,2024-01-10,
user_36,Bohemian Rhapsody,2018,6,2024-07-13,
maya,John Wick,2014,3,2024-08-10,
user_16,The Lord of the Rings: The Return of the King,2003,5,2024-03-23,
user_04,A Real Pain,2024,7,2024-07-04,
user_41,Braveheart,1995,7,2024-09-09,
user_31,A Ghost Story,2017,7,2024-05-24,
user_19,Her,2013,9,2024-08-10,
user_34,Black Panther,2018,6,2024-09-25,
user_27,Bottoms,2023,4,2024-09-27,
user_37,The Lord of the Rings: The Return of the King,2003,6,2024-05-22,
user_12,Sound of Metal,2019,9,2024-02-09,
user_39,The Bridge on the River Kwai,1957,5,2024-01-17,
user_41,The Seventh Seal,1957,5,2024-12-06,
user_06,Gone Girl,2014,4,2024-07-27,
user_12,Dunkirk,2017,4,2024-01-08,
user_05,The Teachers' Lounge,2023,6,2024-09-18,
user_02,Glass Onion,2022,4,2024-01-06,
user_25,Moonlight,2016,8,2024-06-12,
user_13,Oppenheimer,2023,5,2024-10-19,
user_39,Monster,2023,7,2024-07-02,
user_32,Harry Potter and the Prisoner of Azkaban,2004,8,2024-03-14,
user_22,Casino Royale,2006,7,2024-07-07,
user_06,Return of the Jedi,1983,5,2024-01-26,
user_40,Septet: The Story of Hong Kong,2020,2,2024-05-16,
maya,Marriage Story,2019,9,2024-03-09,
user_26,The King's Speech,2010,5,2024-01-18,
user_41,American Fiction,2023,3,2024-12-13,
user_42,The Silence of the Lambs,1991,9,2024-11-19,
user_18,Gladiator,2000,8,2024-09-02,
user_20,My Fair Lady,1964,7,2024-01-05,
user_07,Rocky,1976,5,2024-02-12,
user_28,Knives Out,2019,5,2024-07-04,
user_43,Society of the Snow,2023,4,2024-05-12,
sam,Good Time,2017,4,2024-08-21,
user_39,Kramer vs. Kramer,1979,5,2024-05-01,
user_31,The Revenant,2015,8,2024-05-23,
user_07,Fallen Leaves,2023,10,2024-01-28,
user_10,From Here to Eternity,1953,4,2024-03-28,
user_21,Ordinary People,1980,6,2024-03-27,
user_43,From Here to Eternity,1953,9,2024-10-26,
user_33,Night of the Living Dead,1968,8,2024-09-17,
user_16,Sideways,2004,6,2024-12-14,
user_41,Fight Club,1999,8,2024-09-12,
user_21,Thelma,2024,6,2024-01-06,
jordan,Blue Velvet,1986,7,2024-11-19,
user_31,Whiplash,2014,5,2024-12-09,
user_39,American Beauty,1999,4,2024-12-15,
sam,Patton,1970,8,2024-01-05,
user_39,Django Unchained,2012,5,2024-07-25,
user_46,Iron Man,2008,6,2024-06-08,
user_02,Rocky,1976,5,2024-06-10,
user_19,Patton,1970,3,2024-11-07,
user_18,Septet: The Story of Hong Kong,2020,6,2024-03-02,
user_03,The Holdovers,2023,5,2024-07-05,
user_41,Nomadland,2020,5,2024-02-20,
user_01,C'mon C'mon,2021,9,2024-11-19,
user_34,Portrait of a Lady on Fire,2019,7,2024-11-10,
user_30,Black Swan,2010,9,2024-12-27,
user_36,Wicked,2024,5,2024-09-27,
sam,In the Heat of the Night,1967,10,2024-09-05,
user_04,Moonrise Kingdom,2012,6,2024-08-19,
user_33,Gone Girl,2014,6,2024-07-14,
user_22,The Lighthouse,2019,8,2024-03-27,
user_19,Civil War,2024,8,2024-02-20,
user_37,Frozen,2013,5,2024-06-02,
user_35,American Beauty,1999,8,2024-10-03,
user_36,Aftersun,2022,9,2024-10-04,
user_03,Swiss Army Man,2016,5,2024-08-18,
user_05,Frances Ha,2012,7,2024-01-11,
user_08,Fight Club,1999,8,2024-10-23,
user_03,The Godfather,1972,8,2024-08-08,
user_05,Nickel Boys,2024,,2024-08-12,
user_05,A Serious Man,2009,7,2024-10-20,
user_32,All Dirt Roads Taste of Salt,2023,5,2024-11-02,
sam,American Fiction,2023,6,2024-04-20,
user_19,RRR,2022,7,2024-03-21,
user_04,The Texas Chain Saw Massacre,1974,8,2024-06-28,
user_03,Sound of Metal,2019,4,2024-06-10,
user_31,Avengers: Infinity War,2018,10,2024-08-05,
user_02,Hard Truths,2024,8,2024-09-09,
user_24,Frances Ha,2012,8,2024-12-17,
user_30,The Wonder,2022,8,2024-11-11,
user_35,The Brutalist,2024,5,2024-01-20,
user_08,Portrait of a Lady on Fire,2019,7,2024-12-21,
user_01,The Deer Hunter,1978,7,2024-07-09,
user_23,Everything Everywhere All at Once,2022,6,2024-06-13,
user_20,Drive My Car,2021,7,2024-09-15,
user_39,Dune: Part Two,2024,7,2024-08-16,
maya,After Hours,1985,10,2024-01-28,
user_07,John Wick: Chapter 4,2023,7,2024-03-03,
user_31,Pulp Fiction,1994,5,2024-12-13,
riley,Night of the Living Dead,1968,8,2024-05-15,
user_07,Around the World in 80 Days,1956,5,2024-01-13,
user_25,The Greatest Showman,2017,6,2024-07-04,
user_33,The Substance,2024,10,2024-11-11,
user_12,Kramer vs. Kramer,1979,4,2024-03-11,
user_42,The Prestige,2006,7,2024-08-02,
user_07,Portrait of a Lady on Fire,2019,9,2024-07-23,
user_13,The Substance,2024,7,2024-07-19,
user_02,The Teachers' Lounge,2023,8,2024-01-19,
jordan,Thor: Ragnarok,2017,5,2024-03-28,
user_33,Patton,1970,6,2024-09-16,
user_42,The Incredibles,2004,7,2024-04-17,
user_29,Memento,2000,5,2024-08-17,
user_05,The French Connection,1971,6,2024-08-17,
user_29,Boogie Nights,1997,7,2024-11-06,
user_32,Petite Maman,2021,4,2024-10-25,
user_38,Stranger Than Paradise,1984,8,2024-11-04,
jordan,Oppenheimer,2023,7,2024-10-08,
user_02,The Martian,2015,5,2024-09-12,
user_28,Gandhi,1982,5,2024-07-04,
user_43,Frozen,2013,9,2024-09-25,
user_43,Saving Private Ryan,1998,8,2024-03-19,
user_05,Tokyo Story,1953,8,2024-04-05,
user_46,Barbie,2023,7,2024-12-23,
riley,Pirates of the Caribbean: The Curse of the Black Pearl,2003,7,2024-08-27,
user_22,Schindler's List,1993,6,2024-05-20,
user_03,Passages,2023,7,2024-01-08,
user_15,Fallen Leaves,2023,7,2024-04-03,
user_28,No Country for Old Men,2007,8,2024-01-15,
user_45,No Country for Old Men,2007,10,2024-09-17,
user_01,May December,2023,9,2024-02-11,
user_39,Shrek,2001,5,2024-05-01,
user_18,Midnight Cowboy,1969,7,2024-07-10,
user_39,The Beast,2023,9,2024-07-07,
user_13,Dope,2015,7,2024-09-15,
user_12,The Shape of Water,2017,9,2024-11-24,
jordan,Chariots of Fire,1981,7,2024-10-28,
user_07,Rushmore,1998,8,2024-11-21,
sam,Transformers,2007,6,2024-08-18,
riley,Bottoms,2023,6,2024-09-01,
user_43,Spider-Man: No Way Home,2021,5,2024-04-24,
user_26,No Time to Die,2021,7,2024-04-22,
user_41,Blade Runner 2049,2017,8,2024-12-22,
user_10,"sex, lies, and videotape",1989,7,2024-10-28,
user_06,The Witch,2015,8,2024-10-18,
user_17,A Star Is Born,2018,7,2024-02-16,
user_42,Oppenheimer,2023,7,2024-09-07,
user_34,Juno,2007,10,2024-01-15,
user_18,Slumdog Millionaire,2008,8,2024-09-24,
user_35,Boyhood,2014,4,2024-07-14,
user_36,Drive,2011,9,2024-06-05,
user_41,Mulholland Drive,2001,6,2024-09-02,
user_08,The Deer Hunter,1978,6,2024-12-10,
user_34,Gravity,2013,7,2024-07-27,
user_16,Do the Right Thing,1989,7,2024-05-09,
user_21,Mean Streets,1973,8,2024-08-17,
user_28,Ex Machina,2014,8,2024-01-02,
user_24,Thelma,2024,5,2024-03-02,
user_24,Arrival,2016,6,2024-06-11,
user_40,A Thousand and One,2023,3,2024-02-06,
user_22,The Super Mario Bros. Movie,2023,5,2024-07-25,
user_35,It Follows,2014,5,2024-08-01,
user_40,How to Have Sex,2023,5,2024-02-14,
user_24,"sex, lies, and videotape",1989,9,2024-05-14,
user_27,John Wick: Chapter 4,2023,8,2024-08-20,
user_11,The Florida Project,2017,7,2024-06-18,
sam,Pig,2021,4,2024-12-10,
user_44,Never Rarely Sometimes Always,2020,8,2024-03-01,
user_06,Spider-Man: Into the Spider-Verse,2018,5,2024-07-19,
user_07,How to Have Sex,2023,8,2024-08-05,
user_27,Barbie,2023,9,2024-04-24,
sam,The Iron Claw,2023,6,2024-08-20,
user_36,Call Me by Your Name,2017,9,2024-09-17,
user_37,Fallen Leaves,2023,9,2024-08-07,
user_19,After Hours,1985,8,2024-08-27,
user_17,Fargo,1996,7,2024-04-16,
user_04,Showing Up,2022,7,2024-07-01,
user_02,Amadeus,1984,4,2024-06-06,
user_34,The Lord of the Rings: The Return of the King,2003,5,2024-06-24,
jordan,Interstellar,2014,6,2024-01-28,
user_05,Drive,2011,7,2024-09-25,
user_04,Pig,2021,8,2024-06-26,
user_10,The Deer Hunter,1978,8,2024-10-05,
user_44,I Saw the TV Glow,2024,9,2024-03-07,
user_27,Petite Maman,2021,5,2024-05-23,
user_29,The Seventh Seal,1957,6,2024-02-02,
user_42,Mulholland Drive,2001,7,2024-02-27,
user_43,Lady Bird,2017,,2024-09-09,
user_35,Mission: Impossible - Fallout,2018,7,2024-06-21,
user_24,My Fair Lady,1964,4,2024-07-22,
user_08,Arrival,2016,6,2024-12-11,
user_03,The Matrix Reloaded,2003,10,2024-09-11,
user_36,Beasts of the Southern Wild,2012,9,2024-10-19,
user_24,Whiplash,2014,6,2024-05-04,
user_26,The Lord of the Rings: The Fellowship of the Ring,2001,7,2024-07-02,
user_22,Furious 7,2015,6,2024-03-03,
user_30,Captain America: The Winter Soldier,2014,6,2024-04-02,
user_34,Priscilla,2023,7,2024-11-04,
user_10,The Greatest Showman,2017,5,2024-05-12,
user_15,Longlegs,2024,10,2024-06-08,
sam,West Side Story,1961,7,2024-02-28,
user_05,The Imitation Game,2014,6,2024-05-27,
user_01,The Teachers' Lounge,2023,9,2024-01-22,
user_21,Being John Malkovich,1999,8,2024-06-09,
user_06,The Shape of Water,2017,8,2024-08-22,
user_38,The Substance,2024,7,2024-06-21,
user_07,Uncut Gems,2019,9,2024-06-09,
maya,Living,2022,9,2024-10-03,
user_21,Donnie Darko,2001,6,2024-06-09,
user_29,The Revenant,2015,5,2024-10-27,
user_30,Mad Max: Fury Road,2015,7,2024-05-25,
user_21,The Dark Knight Rises,2012,6,2024-08-24,
user_06,Oliver!,1968,4,2024-10-20,
user_03,Gandhi,1982,9,2024-08-04,
user_36,Knives Out,2019,8,2024-01-07,
user_36,The Deer Hunter,1978,7,2024-09-14,
user_31,No Country for Old Men,2007,5,2024-02-08,
user_24,First Reformed,2017,8,2024-07-17,
user_39,Janet Planet,2023,8,2024-04-15,
user_11,Boyhood,2014,8,2024-01-07,
user_11,After Yang,2021,8,2024-04-04,
user_15,Dìdi,2024,8,2024-04-11,
user_28,The Empire Strikes Back,1980,5,2024-06-26,
jordan,After Hours,1985,7,2024-09-15,
user_10,Gandhi,1982,6,2024-06-14,
user_12,Lincoln,2012,4,2024-06-02,
user_45,Spring Breakers,2012,9,2024-10-26,
user_05,The Sound of Music,1965,7,2024-06-05,
user_09,The Imitation Game,2014,5,2024-10-16,
user_24,Glass Onion,2022,6,2024-02-11,
user_37,Marty,1955,4,2024-10-14,
user_37,I Saw the TV Glow,2024,9,2024-09-14,
user_22,The Florida Project,2017,6,2024-12-02,
user_32,The Martian,2015,,2024-03-12,
user_36,The Virgin Suicides,1999,7,2024-11-23,
user_24,Once Upon a Time in Hollywood,2019,7,2024-12-27,
user_03,Tenet,2020,9,2024-12-08,
user_20,Rushmore,1998,7,2024-06-22,
user_11,The Substance,2024,8,2024-01-17,
user_14,Tokyo Story,1953,10,2024-09-26,
user_27,Tokyo Story,1953,5,2024-01-23,
user_46,Inside Out,2015,7,2024-10-15,
user_08,Se7en,1995,6,2024-04-04,
user_27,Argo,2012,8,2024-09-04,
user_29,Saltburn,2023,6,2024-09-25,
user_10,The Brutalist,2024,7,2024-06-26,
user_35,Uncut Gems,2019,6,2024-11-20,
user_41,The Killing of a Sacred Deer,2017,4,2024-09-27,
user_33,Little Women,2019,7,2024-01-14,
user_15,In the Heat of the Night,1967,4,2024-05-17,
user_05,Tenet,2020,5,2024-06-19,
user_41,Avengers: Endgame,2019,8,2024-07-25,
user_04,Shakespeare in Love,1998,8,2024-11-14,
user_27,Inside Out 2,2024,,2024-06-07,
user_27,The Shawshank Redemption,1994,9,2024-10-01,
user_10,Casino Royale,2006,4,2024-07-19,
user_13,The Taste of Things,2023,10,2024-09-23,
user_32,Midnight Cowboy,1969,9,2024-06-21,
user_01,"sex, lies, and videotape",1989,9,2024-10-17,
user_29,Little Miss Sunshine,2006,8,2024-06-25,
user_33,The Virgin Suicides,1999,6,2024-03-13,
user_15,C'mon C'mon,2021,9,2024-03-22,
user_20,Whiplash,2014,7,2024-02-16,
user_41,Tokyo Story,1953,4,2024-04-08,
user_02,Poor Things,2023,7,2024-01-10,
user_06,After Yang,2021,8,2024-02-03,
user_19,Spider-Man: Across the Spider-Verse,2023,6,2024-10-15,
user_37,The Outfit,2022,8,2024-05-23,
user_08,From Here to Eternity,1953,7,2024-09-12,
user_31,West Side Story,1961,6,2024-07-03,
user_28,Lost in Translation,2003,10,2024-05-10,
user_29,Everything Everywhere All at Once,2022,7,2024-06-15,
user_05,Dances with Wolves,1990,8,2024-09-22,
user_06,Interstellar,2014,6,2024-04-07,
user_42,Wonder Woman,2017,6,2024-04-23,
user_15,The Prestige,2006,5,2024-05-12,
jordan,My Fair Lady,1964,6,2024-09-25,
user_46,The Lord of the Rings: The Return of the King,2003,5,2024-02-22,
user_29,The Wonder,2022,6,2024-02-15,
user_33,On the Waterfront,1954,6,2024-05-13,
user_28,Hidden Figures,2016,5,2024-10-16,
user_09,Joker,2019,5,2024-09-03,
user_37,Once Upon a Time in Hollywood,2019,8,2024-11-17,
user_36,Frances Ha,2012,7,2024-06-06,
user_21,Phantom Thread,2017,6,2024-03-10,
user_07,Mission: Impossible - Fallout,2018,4,2024-05-24,
user_08,There Will Be Blood,2007,8,2024-06-11,
user_35,Pan's Labyrinth,2006,3,2024-03-14,
user_22,Whiplash,2014,8,2024-07-17,
riley,Aftersun,2022,8,2024-10-15,
user_06,The Green Knight,2021,9,2024-02-03,
user_22,The Worst Person in the World,2021,7,2024-06-01,
user_32,The Dark Knight,2008,9,2024-04-25,
user_03,A Serious Man,2009,5,2024-01-17,
user_21,Marriage Story,2019,8,2024-05-08,
user_36,Nickel Boys,2024,9,2024-03-01,
user_06,Petite Maman,2021,7,2024-03-10,
user_27,Crazy Rich Asians,2018,8,2024-11-17,
sam,Beasts of the Southern Wild,2012,5,2024-07-04,
user_18,Dope,2015,6,2024-12-10,
user_44,Transformers,2007,5,2024-11-19,
user_37,Midnight Cowboy,1969,3,2024-04-06,
user_10,Inside Out 2,2024,7,2024-07-28,
user_27,Jojo Rabbit,2019,5,2024-07-24,
user_33,Thelma,2024,7,2024-02-04,
user_18,Captain America: The Winter Soldier,2014,8,2024-04-05,
user_22,Deadpool,2016,7,2024-12-05,
user_37,Welcome to the Dollhouse,1995,9,2024-01-19,
user_34,Batman Begins,2005,5,2024-02-18,
user_39,Gladiator,2000,3,2024-10-11,
user_25,A Serious Man,2009,7,2024-11-20,
user_02,Inception,2010,6,2024-07-08,
user_31,All About Eve,1950,7,2024-07-07,
user_04,All Dirt Roads Taste of Salt,2023,8,2024-12-10,
user_43,The Virgin Suicides,1999,4,2024-10-14,
jordan,Moonlight,2016,10,2024-05-09,
user_28,Finding Nemo,2003,7,2024-11-25,
user_05,Furious 7,2015,8,2024-04-11,
user_18,Gigi,1958,6,2024-01-02,
user_04,It Follows,2014,9,2024-11-11,
user_23,Terms of Endearment,1983,8,2024-08-03,
user_43,WALL-E,2008,8,2024-06-08,
user_46,Blue Velvet,1986,8,2024-05-19,
user_28,Dune: Part Two,2024,7,2024-01-06,
user_17,The Deer Hunter,1978,8,2024-09-14,
user_40,His Three Daughters,2023,4,2024-05-04,
user_11,Black Swan,2010,7,2024-06-14,
user_15,Lost in Translation,2003,8,2024-08-20,
user_22,Eraserhead,1977,6,2024-10-19,
user_23,Living,2022,9,2024-06-19,
user_16,Sing Sing,2023,8,2024-06-25,
user_06,La La Land,2016,5,2024-06-23,
user_06,His Three Daughters,2023,9,2024-09-19,
user_22,A Serious Man,2009,6,2024-03-09,
user_33,The Shape of Water,2017,8,2024-01-12,
user_43,Fargo,1996,5,2024-08-18,
user_42,Gigi,1958,5,2024-03-13,
user_25,Minari,2020,8,2024-08-23,
user_19,Lost in Translation,2003,9,2024-04-03,
user_23,Arrival,2016,7,2024-07-21,
user_42,Frozen,2013,4,2024-12-06,
user_05,No Time to Die,2021,5,2024-10-20,
user_45,Boogie Nights,1997,10,2024-02-03,
jordan,The Farewell,2019,7,2024-01-09,
user_16,My Fair Lady,1964,4,2024-01-27,
user_22,All About Eve,1950,6,2024-07-24,
user_27,Inglourious Basterds,2009,8,2024-05-01,
user_36,Unforgiven,1992,3,2024-04-12,
user_41,I Saw the TV Glow,2024,6,2024-07-05,
user_05,Unforgiven,1992,7,2024-04-05,
user_44,Anora,2024,9,2024-12-27,
user_11,The Theory of Everything,2014,4,2024-11-02,
user_42,Rain Man,1988,6,2024-03-02,
user_10,Avatar,2009,6,2024-01-13,
user_25,Society of the Snow,2023,7,2024-07-03,
user_02,Martha Marcy May Marlene,2011,8,2024-05-13,
maya,Get Out,2017,8,2024-08-07,
user_37,Clerks,1994,8,2024-08-11,
user_18,The Taste of Things,2023,7,2024-04-20,
riley,Batman Begins,2005,8,2024-09-18,
user_02,Night of the Living Dead,1968,9,2024-06-18,
user_31,Knives Out,2019,8,2024-03-17,
user_14,Never Rarely Sometimes Always,2020,7,2024-03-21,
user_31,The Lord of the Rings: The Two Towers,2002,9,2024-03-17,
maya,After Yang,2021,8,2024-03-09,
user_32,Never Rarely Sometimes Always,2020,4,2024-07-27,
user_04,Ben-Hur,1959,8,2024-03-08,
user_30,Promising Young Woman,2020,8,2024-10-19,
user_07,Petite Maman,2021,9,2024-07-25,
user_04,First Reformed,2017,6,2024-06-20,
riley,Ben-Hur,1959,8,2024-03-06,
user_07,Saving Private Ryan,1998,5,2024-09-07,
user_04,Reservoir Dogs,1992,8,2024-09-06,
user_37,Knives Out,2019,6,2024-03-22,
user_03,Janet Planet,2023,6,2024-05-24,
user_27,Booksmart,2019,6,2024-03-03,
user_35,The Avengers,2012,7,2024-07-23,
user_06,CODA,2021,8,2024-05-08,
user_09,The Theory of Everything,2014,5,2024-09-15,
user_26,Children of Men,2006,5,2024-11-03,
user_01,Hard Truths,2024,7,2024-02-17,
user_08,Pulp Fiction,1994,7,2024-05-25,
user_41,The Big Sick,2017,5,2024-05-07,
user_46,Living,2022,6,2024-03-13,
user_42,The Shape of Water,2017,8,2024-03-03,
user_35,Persona,1966,5,2024-07-19,
user_37,The 400 Blows,1959,9,2024-10-17,
user_25,The Martian,2015,6,2024-08-06,
user_17,Ordinary People,1980,6,2024-07-13,
user_43,Do the Right Thing,1989,5,2024-04-14,
maya,The Shawshank Redemption,1994,5,2024-11-04,
user_38,Nickel Boys,2024,8,2024-12-25,
user_43,Past Lives,2023,4,2024-06-04,
user_19,The Matrix Reloaded,2003,4,2024-07-11,
user_46,Longlegs,2024,7,2024-07-03,
user_13,Sound of Metal,2019,7,2024-07-06,
user_46,Requiem for a Dream,2000,10,2024-06-02,
user_21,Decision to Leave,2022,7,2024-07-13,
user_40,The Teachers' Lounge,2023,4,2024-07-01,
user_32,Crazy Rich Asians,2018,7,2024-11-17,
user_21,Inglourious Basterds,2009,6,2024-12-26,
user_20,Perfect Days,2023,6,2024-10-05,
user_09,May December,2023,10,2024-11-01,
user_35,The 400 Blows,1959,5,2024-10-26,
user_24,Batman Begins,2005,5,2024-07-08,
user_04,Stranger Than Paradise,1984,7,2024-02-13,
user_24,The Matrix,1999,5,2024-12-05,
user_36,Brokeback Mountain,2005,7,2024-11-13,
user_31,Clerks,1994,6,2024-04-13,
user_29,Ben-Hur,1959,6,2024-12-02,
user_18,Punch-Drunk Love,2002,7,2024-05-20,
user_18,Marty,1955,7,2024-06-23,
user_31,The Texas Chain Saw Massacre,1974,3,2024-05-10,
user_26,Drive My Car,2021,9,2024-06-14,
user_25,The Worst Person in the World,2021,8,2024-07-17,
user_12,Portrait of a Lady on Fire,2019,8,2024-12-07,
user_13,The Brutalist,2024,9,2024-12-19,
user_12,Eraserhead,1977,8,2024-12-18,
user_02,The Green Knight,2021,8,2024-07-27,
user_34,The Apartment,1960,6,2024-09-12,
user_06,Punch-Drunk Love,2002,8,2024-11-03,
user_37,Requiem for a Dream,2000,7,2024-03-14,
user_27,Uncut Gems,2019,5,2024-12-14,
user_20,The Brutalist,2024,,2024-04-11,
user_32,In the Heat of the Night,1967,10,2024-07-14,
user_32,Arrival,2016,10,2024-12-09,
user_08,The Prestige,2006,7,2024-11-27,
user_26,Chariots of Fire,1981,4,2024-08-11,
jordan,Dìdi,2024,8,2024-05-01,
user_23,Swiss Army Man,2016,8,2024-07-16,
user_16,Bicycle Thieves,1948,8,2024-08-11,
user_15,American Fiction,2023,9,2024-03-01,
maya,The Fabelmans,2022,8,2024-12-19,
user_08,The Silence of the Lambs,1991,5,2024-12-14,
riley,Up,2009,7,2024-10-11,
user_41,Furious 7,2015,9,2024-08-26,
user_15,Children of Men,2006,5,2024-09-08,
user_41,The Irishman,2019,3,2024-02-15,
user_03,All About Eve,1950,8,2024-04-18,
user_32,From Here to Eternity,1953,10,2024-09-07,
user_04,The Bridge on the River Kwai,1957,6,2024-10-23,
user_10,Perfect Days,2023,6,2024-08-22,
user_01,The Lord of the Rings: The Two Towers,2002,7,2024-06-18,
user_09,Midsommar,2019,8,2024-01-25,
user_46,Rushmore,1998,9,2024-11-03,
user_29,Pan's Labyrinth,2006,5,2024-10-03,
user_09,West Side Story,1961,6,2024-10-16,
user_32,RRR,2022,6,2024-08-05,
user_18,Bottoms,2023,7,2024-12-01,
user_14,Sing Sing,2023,8,2024-12-03,
user_41,The Iron Claw,2023,4,2024-05-05,
user_05,Inside Out 2,2024,5,2024-09-15,
sam,Dope,2015,4,2024-05-11,
sam,Marty,1955,10,2024-03-28,
maya,A Thousand and One,2023,9,2024-07-15,
user_04,The Theory of Everything,2014,5,2024-10-06,
jordan,Jurassic Park,1993,6,2024-04-07,
user_15,Blue Velvet,1986,8,2024-08-09,
user_42,Interstellar,2014,8,2024-07-07,
user_35,Iron Man,2008,8,2024-01-24,
user_41,Anora,2024,4,2024-09-19,
user_01,Joker,2019,6,2024-01-03,
user_03,Gladiator,2000,9,2024-12-18,
user_31,Mulholland Drive,2001,6,2024-02-20,
user_13,Gone Girl,2014,4,2024-11-02,
user_04,The Irishman,2019,5,2024-04-09,
user_24,The Blair Witch Project,1999,8,2024-08-02,
user_45,Swiss Army Man,2016,10,2024-05-21,
user_12,An American in Paris,1951,7,2024-10-01,
user_31,Juno,2007,4,2024-01-09,
user_36,Avatar,2009,5,2024-03-01,
user_40,Furious 7,2015,9,2024-09-05,
user_43,The Banshees of Inisherin,2022,5,2024-09-12,
user_40,Licorice Pizza,2021,6,2024-08-15,
user_17,The Lobster,2015,9,2024-06-19,
user_20,Parasite,2019,5,2024-01-07,
user_29,Toy Story,1995,6,2024-09-05,
user_37,From Here to Eternity,1953,6,2024-10-09,
user_16,Rain Man,1988,6,2024-08-10,
user_32,The King's Speech,2010,10,2024-01-11,
user_27,There Will Be Blood,2007,6,2024-02-19,
user_45,Interstellar,2014,8,2024-06-08,
user_34,Origin,2023,9,2024-01-11,
user_37,The Blair Witch Project,1999,9,2024-11-16,
user_16,Moonlight,2016,8,2024-03-06,
user_25,American Beauty,1999,7,2024-03-15,
user_45,A Serious Man,2009,8,2024-12-25,
user_35,The Dark Knight,2008,7,2024-07-22,
user_24,Black Swan,2010,8,2024-08-13,
user_04,Rushmore,1998,7,2024-07-18,
user_45,The Fabelmans,2022,8,2024-09-06,
user_13,Rushmore,1998,9,2024-10-21,
user_12,Chariots of Fire,1981,5,2024-10-16,
user_21,Shrek,2001,4,2024-08-11,
user_27,The Silence of the Lambs,1991,6,2024-07-08,
user_22,Goodfellas,1990,7,2024-04-07,
user_38,Avatar: The Way of Water,2022,7,2024-04-17,
user_43,The Wonder,2022,5,2024-04-02,
user_20,A Man for All Seasons,1966,5,2024-03-26,
user_24,John Wick: Chapter 4,2023,5,2024-09-12,
user_29,Eraserhead,1977,6,2024-05-27,
user_39,On the Waterfront,1954,4,2024-12-28,
user_44,Slumdog Millionaire,2008,6,2024-04-12,
riley,Booksmart,2019,9,2024-02-03,
user_20,The King's Speech,2010,5,2024-01-16,
user_20,Jojo Rabbit,2019,6,2024-01-02,
user_39,The Matrix,1999,5,2024-12-06,
user_41,Martha Marcy May Marlene,2011,5,2024-08-12,
user_41,Aftersun,2022,6,2024-08-13,
user_27,Monster,2023,5,2024-07-21,
user_15,Fight Club,1999,6,2024-05-05,
user_04,The Matrix Reloaded,2003,6,2024-12-05,
user_05,All About Eve,1950,4,2024-01-02,
user_19,The 400 Blows,1959,10,2024-06-01,
user_16,Pirates of the Caribbean: The Curse of the Black Pearl,2003,5,2024-06-02,
user_39,Requiem for a Dream,2000,8,2024-05-26,
user_27,Django Unchained,2012,8,2024-10-16,
user_26,The Shape of Water,2017,7,2024-06-15,
user_25,Never Rarely Sometimes Always,2020,9,2024-07-05,
user_10,Living,2022,5,2024-10-07,
user_04,Drive My Car,2021,8,2024-06-23,
user_17,Dune: Part Two,2024,8,2024-05-11,
user_12,Titanic,1997,4,2024-03-02,
maya,Society of the Snow,2023,8,2024-12-11,
user_23,Blade Runner 2049,2017,6,2024-10-28,
user_38,Donnie Darko,2001,7,2024-10-11,
user_04,Midsommar,2019,8,2024-03-12,
user_37,How to Have Sex,2023,7,2024-12-08,
user_30,The French Connection,1971,7,2024-06-19,
riley,Call Me by Your Name,2017,8,2024-06-04,
user_28,Gigi,1958,5,2024-05-28,
user_23,Top Gun: Maverick,2022,7,2024-12-01,
user_26,Black Panther,2018,7,2024-08-02,
user_29,The Irishman,2019,6,2024-09-04,
user_35,Gandhi,1982,8,2024-03-04,
user_03,Tokyo Story,1953,7,2024-02-12,
user_26,The Ice Storm,1997,7,2024-08-21,
user_46,The Seventh Seal,1957,8,2024-09-27,
user_18,Rain Man,1988,6,2024-02-16,
user_45,Little Miss Sunshine,2006,9,2024-08-03,
user_06,Spring Breakers,2012,8,2024-08-06,
user_16,Argo,2012,5,2024-01-25,
user_39,May December,2023,7,2024-02-27,
sam,Boogie Nights,1997,4,2024-06-14,
user_01,Inside Out 2,2024,6,2024-03-26,
user_46,Eraserhead,1977,6,2024-09-13,
user_39,Eraserhead,1977,9,2024-03-01,
user_46,A Beautiful Mind,2001,6,2024-05-21,
user_03,Children of Men,2006,9,2024-05-07,
user_41,Inside Out 2,2024,8,2024-11-26,
user_46,Pirates of the Caribbean: The Curse of the Black Pearl,2003,8,2024-09-11,
user_35,The Theory of Everything,2014,9,2024-09-07,
user_05,Winter's Bone,2010,8,2024-05-03,
user_11,Jojo Rabbit,2019,7,2024-12-11,
user_31,Memento,2000,9,2024-04-15,
jordan,Pig,2021,7,2024-10-20,
sam,Sing Sing,2023,4,2024-08-19,
user_14,It Follows,2014,9,2024-03-04,
user_21,Drive My Car,2021,8,2024-11-16,
user_20,On the Waterfront,1954,7,2024-07-03,
user_41,Dune: Part Two,2024,9,2024-07-20,
user_10,Argo,2012,8,2024-03-16,
user_02,After Hours,1985,7,2024-08-11,
user_26,Harry Potter and the Sorcerer's Stone,2001,7,2024-03-23,
user_36,Thelma,2024,8,2024-06-06,
user_23,The Irishman,2019,7,2024-04-28,
user_20,Shakespeare in Love,1998,7,2024-11-21,
user_42,The Revenant,2015,7,2024-01-05,
user_08,Pirates of the Caribbean: The Curse of the Black Pearl,2003,4,2024-09-06,
user_31,The Godfather,1972,8,2024-10-16,
user_17,C'mon C'mon,2021,6,2024-09-26,
user_06,Donnie Darko,2001,6,2024-01-14,
user_37,Showing Up,2022,8,2024-03-11,
user_09,Thor: Ragnarok,2017,3,2024-01-18,
user_03,The Imitation Game,2014,6,2024-07-15,
user_07,Thelma,2024,7,2024-10-02,
user_45,Get Out,2017,9,2024-11-24,
user_42,Pulp Fiction,1994,8,2024-09-13,
user_15,Tár,2022,8,2024-05-02,
user_03,The Dark Knight Rises,2012,10,2024-11-22,
user_22,Ordinary People,1980,6,2024-06-28,
user_13,Crash,2004,6,2024-03-04,
user_15,Lady Bird,2017,6,2024-12-02,
user_01,The Big Sick,2017,9,2024-12-24,
user_14,The Hunger Games,2012,5,2024-10-03,
user_18,Crash,2004,4,2024-10-12,
user_08,Wonder Woman,2017,7,2024-12-18,
user_17,Memento,2000,7,2024-11-11,
user_43,Martha Marcy May Marlene,2011,3,2024-09-19,
user_01,Iron Man,2008,7,2024-12-15,
sam,Hard Truths,2024,7,2024-04-23,
user_40,Being John Malkovich,1999,7,2024-05-07,
user_45,The Killing of a Sacred Deer,2017,7,2024-05-08,
user_10,Platoon,1986,7,2024-10-09,
user_29,Mission: Impossible - Fallout,2018,6,2024-12-24,
user_15,The Irishman,2019,7,2024-08-26,
user_35,Dunkirk,2017,10,2024-11-16,
user_43,Civil War,2024,4,2024-12-08,
user_26,Phantom Thread,2017,8,2024-02-27,
user_07,Lawrence of Arabia,1962,6,2024-07-21,
sam,The Godfather,1972,8,2024-07-28,
user_05,Jojo Rabbit,2019,6,2024-04-06,
user_23,Juno,2007,8,2024-04-22,
user_30,Finding Nemo,2003,6,2024-06-07,
user_23,Thelma,2024,7,2024-08-28,
user_03,Saving Private Ryan,1998,9,2024-12-05,
user_43,The Big Sick,2017,4,2024-07-26,
user_01,Manchester by the Sea,2016,8,2024-08-23,
user_29,Persona,1966,5,2024-02-27,
user_42,The Whale,2022,8,2024-08-15,
user_25,John Wick,2014,8,2024-02-09,
user_34,One Flew Over the Cuckoo's Nest,1975,4,2024-07-19,
user_03,A Star Is Born,2018,9,2024-08-12,
user_31,Donnie Darko,2001,5,2024-08-11,
user_31,Star Wars,1977,8,2024-04-12,
user_14,American Beauty,1999,5,2024-10-16,
user_07,Spider-Man: No Way Home,2021,5,2024-11-04,
maya,The Zone of Interest,2023,9,2024-09-27,
user_09,Fight Club,1999,7,2024-06-02,
user_11,A Ghost Story,2017,8,2024-10-23,
user_42,Gravity,2013,6,2024-06-24,
user_12,Dope,2015,8,2024-08-18,
user_34,Hereditary,2018,9,2024-05-23,
user_39,The Lighthouse,2019,8,2024-06-15,
user_24,After Hours,1985,,2024-09-23,
user_38,The Greatest Showman,2017,6,2024-04-28,
user_15,Jurassic World,2015,3,2024-09-05,
user_31,Finding Nemo,2003,9,2024-07-21,
jordan,The Blair Witch Project,1999,8,2024-05-10,
user_15,Good Time,2017,,2024-02-23,
user_27,Longlegs,2024,6,2024-04-23,
user_44,The 400 Blows,1959,9,2024-01-19,
user_18,Furious 7,2015,5,2024-12-24,
user_11,I Saw the TV Glow,2024,9,2024-10-09,
user_25,The Shape of Water,2017,7,2024-10-26,
user_24,Booksmart,2019,9,2024-02-21,
user_32,Frances Ha,2012,4,2024-05-27,
jordan,Nickel Boys,2024,7,2024-10-05,
user_17,Furious 7,2015,7,2024-02-21,
user_17,The King's Speech,2010,7,2024-04-04,
user_18,Unforgiven,1992,4,2024-09-14,
user_36,Parasite,2019,9,2024-04-11,
user_28,Joker,2019,6,2024-02-09,
user_03,Stranger Than Paradise,1984,5,2024-07-12,
user_24,The Holdovers,2023,7,2024-11-09,
user_09,Shrek,2001,5,2024-10-22,
user_02,Spider-Man: Into the Spider-Verse,2018,5,2024-06-23,
user_17,Phantom Thread,2017,6,2024-01-07,
user_35,The Shape of Water,2017,5,2024-04-06,
user_39,Showing Up,2022,9,2024-02-14,
user_31,Challengers,2024,4,2024-11-02,
user_26,The Irishman,2019,6,2024-05-13,
user_45,Amadeus,1984,7,2024-09-04,
user_45,Wicked,2024,7,2024-02-12,
user_35,The Hunger Games,2012,7,2024-05-18,
user_09,Shakespeare in Love,1998,5,2024-09-07,
user_29,I Saw the TV Glow,2024,9,2024-09-19,
user_19,Uncut Gems,2019,6,2024-12-24,
user_06,Crash,2004,7,2024-02-11,
user_28,Around the World in 80 Days,1956,5,2024-08-05,
user_05,Goodfellas,1990,5,2024-03-04,
user_18,Gone Girl,2014,7,2024-10-20,
user_16,Saltburn,2023,8,2024-07-05,
user_06,Dunkirk,2017,6,2024-11-14,
user_23,Her,2013,9,2024-09-06,
user_36,Inception,2010,7,2024-08-26,
user_16,Joker,2019,4,2024-01-11,
user_39,Passages,2023,8,2024-07-01,
user_26,Martha Marcy May Marlene,2011,7,2024-01-18,
user_46,Bicycle Thieves,1948,8,2024-09-25,
user_15,Do the Right Thing,1989,7,2024-10-26,
user_34,The Greatest Showman,2017,6,2024-06-25,
user_34,Past Lives,2023,8,2024-12-24,
user_01,Forrest Gump,1994,5,2024-09-13,
user_11,Furiosa: A Mad Max Saga,2024,7,2024-02-04,
user_05,Moonrise Kingdom,2012,6,2024-10-14,
user_19,The Sound of Music,1965,4,2024-06-09,
user_16,Swiss Army Man,2016,8,2024-12-16,
user_02,Avengers: Infinity War,2018,4,2024-05-21,
user_28,Oppenheimer,2023,8,2024-07-14,
user_27,The Apartment,1960,8,2024-01-11,
user_07,All Dirt Roads Taste of Salt,2023,8,2024-03-14,
user_45,Unforgiven,1992,7,2024-12-17,
user_09,After Hours,1985,9,2024-04-02,
user_45,One Flew Over the Cuckoo's Nest,1975,6,2024-12-01,
user_42,Spider-Man: No Way Home,2021,6,2024-08-08,
user_18,Tokyo Story,1953,6,2024-08-22,
user_40,Mad Max: Fury Road,2015,10,2024-04-24,
user_12,A Man for All Seasons,1966,7,2024-08-20,
user_44,Mulholland Drive,2001,,2024-01-11,
user_29,His Three Daughters,2023,7,2024-12-17,
user_37,Zodiac,2007,6,2024-04-24,
user_26,Brokeback Mountain,2005,6,2024-06-11,
user_34,Slumdog Millionaire,2008,6,2024-10-21,
user_04,Iron Man,2008,4,2024-01-28,
user_32,Juno,2007,5,2024-03-21,
user_10,John Wick,2014,6,2024-08-03,
user_32,The Dark Knight Rises,2012,7,2024-05-07,
user_06,Saltburn,2023,5,2024-11-08,
user_13,Slumdog Millionaire,2008,5,2024-08-17,
user_31,Avatar: The Way of Water,2022,10,2024-05-14,
user_41,Swiss Army Man,2016,5,2024-02-08,
user_42,Arrival,2016,5,2024-01-21,
user_16,The Blair Witch Project,1999,9,2024-02-03,
user_04,Licorice Pizza,2021,9,2024-12-15,
user_46,The Taste of Things,2023,8,2024-11-20,
user_18,CODA,2021,9,2024-08-10,
user_30,The Super Mario Bros. Movie,2023,7,2024-03-15,
user_22,1917,2019,5,2024-07-15,
user_18,Jojo Rabbit,2019,7,2024-10-09,
user_26,Pulp Fiction,1994,7,2024-01-19,
user_06,Zodiac,2007,5,2024-04-27,
user_10,Marty,1955,8,2024-09-09,
user_11,Never Rarely Sometimes Always,2020,9,2024-05-03,
user_18,The Wonder,2022,8,2024-07-27,
user_44,How to Have Sex,2023,,2024-12-12,
user_16,Minari,2020,6,2024-08-28,
user_38,The Worst Person in the World,2021,7,2024-02-06,
user_39,Swiss Army Man,2016,10,2024-01-26,
user_06,Harry Potter and the Prisoner of Azkaban,2004,5,2024-10-08,
user_46,Interstellar,2014,5,2024-07-04,
user_12,Glass Onion,2022,4,2024-06-06,
user_05,The Greatest Show on Earth,1952,7,2024-04-09,
user_04,The Batman,2022,6,2024-07-09,
user_34,The Teachers' Lounge,2023,6,2024-02-25,
jordan,The Lion King,1994,5,2024-10-23,
user_46,The Ice Storm,1997,7,2024-02-22,
user_28,Blade Runner 2049,2017,5,2024-06-10,
user_22,Bohemian Rhapsody,2018,7,2024-09-02,
user_34,Licorice Pizza,2021,6,2024-10-12,
user_15,Ordinary People,1980,4,2024-04-03,
user_31,Janet Planet,2023,5,2024-07-03,
user_36,Punch-Drunk Love,2002,9,2024-04-22,
user_18,The Brutalist,2024,6,2024-01-05,
user_18,Deadpool,2016,5,2024-08-14,
user_38,Transformers,2007,6,2024-10-16,
user_17,Skyfall,2012,5,2024-09-02,
user_45,Harry Potter and the Sorcerer's Stone,2001,5,2024-12-05,
user_33,The Whale,2022,8,2024-03-08,
jordan,Shrek,2001,6,2024-10-22,
user_12,The Wrestler,2008,8,2024-01-27,
user_35,Wanda,1970,4,2024-08-22,
sam,The Incredibles,2004,8,2024-12-22,
user_17,Gone Girl,2014,6,2024-04-28,
user_10,A Man for All Seasons,1966,7,2024-09-18,
user_40,Longlegs,2024,4,2024-06-18,
user_31,Black Swan,2010,6,2024-01-10,
user_34,No Time to Die,2021,7,2024-09-28,
user_07,Casino Royale,2006,5,2024-03-22,
user_32,Avatar: The Way of Water,2022,10,2024-03-26,
user_19,Schindler's List,1993,5,2024-06-27,
maya,Chariots of Fire,1981,,2024-12-04,
user_26,Coco,2017,7,2024-07-17,
user_34,Little Miss Sunshine,2006,6,2024-11-14,
user_14,The Witch,2015,9,2024-02-09,
user_46,The Banshees of Inisherin,2022,,2024-02-08,
user_32,A Thousand and One,2023,6,2024-01-03,
user_40,Pulp Fiction,1994,3,2024-11-02,
sam,Passages,2023,5,2024-02-15,
user_38,CODA,2021,7,2024-12-27,
user_24,Coco,2017,7,2024-11-17,
user_07,Anatomy of a Fall,2023,,2024-11-03,
user_29,1917,2019,5,2024-11-10,
user_25,After Yang,2021,7,2024-10-06,
user_15,Mulholland Drive,2001,7,2024-11-22,
user_04,Avatar: The Way of Water,2022,4,2024-12-14,
user_43,Rocky,1976,8,2024-06-21,
user_43,CODA,2021,5,2024-06-06,
user_05,Ben-Hur,1959,5,2024-04-02,
user_44,Lady Bird,2017,9,2024-09-26,
user_36,Pan's Labyrinth,2006,8,2024-09-01,
user_24,Shrek,2001,6,2024-07-24,
user_24,Slumdog Millionaire,2008,7,2024-05-24,
user_21,I Saw the TV Glow,2024,7,2024-06-23,
user_28,The Texas Chain Saw Massacre,1974,8,2024-02-27,
user_31,Braveheart,1995,7,2024-12-24,
user_44,The Apartment,1960,5,2024-04-24,
user_05,The Matrix Reloaded,2003,5,2024-03-18,
user_27,Never Rarely Sometimes Always,2020,6,2024-06-06,
user_18,The Social Network,2010,5,2024-09-25,
user_24,Thor: Ragnarok,2017,5,2024-06-27,
user_26,Get Out,2017,7,2024-12-04,
user_31,A Real Pain,2024,3,2024-05-27,
user_24,The Fabelmans,2022,7,2024-03-13,
user_22,The Whale,2022,7,2024-04-01,
user_33,Slumdog Millionaire,2008,,2024-01-22,
user_31,Portrait of a Lady on Fire,2019,4,2024-10-15,
user_36,Dune: Part Two,2024,6,2024-04-12,
riley,Origin,2023,7,2024-06-14,
user_31,Fallen Leaves,2023,5,2024-04-19,
user_01,Brokeback Mountain,2005,6,2024-06-08,
user_39,Juno,2007,7,2024-06-22,
user_18,Gandhi,1982,6,2024-06-15,
user_12,The Killing of a Sacred Deer,2017,10,2024-07-27,
user_22,The Teachers' Lounge,2023,8,2024-07-07,
user_31,Tokyo Story,1953,4,2024-04-06,
jordan,Licorice Pizza,2021,8,2024-06-06,
user_07,The Banshees of Inisherin,2022,9,2024-07-26,
user_33,Parasite,2019,8,2024-03-20,
user_39,Inception,2010,7,2024-04-04,
user_27,Marty,1955,7,2024-07-27,
user_07,RRR,2022,8,2024-06-08,
user_23,Pirates of the Caribbean: The Curse of the Black Pearl,2003,7,2024-07-04,
user_18,Ben-Hur,1959,6,2024-08-10,
user_21,Anora,2024,7,2024-10-10,
user_19,West Side Story,1961,5,2024-09-10,
user_27,Blue Velvet,1986,7,2024-11-14,
user_46,Jurassic Park,1993,6,2024-10-18,
user_10,The Lobster,2015,9,2024-07-19,
user_06,Licorice Pizza,2021,8,2024-10-17,
user_17,The Big Sick,2017,6,2024-01-04,
user_02,Bottoms,2023,9,2024-10-27,
user_21,The Lord of the Rings: The Return of the King,2003,5,2024-11-01,
user_33,The Lord of the Rings: The Fellowship of the Ring,2001,7,2024-08-05,
user_35,Glass Onion,2022,9,2024-03-09,
sam,John Wick,2014,9,2024-05-22,
user_38,Guardians of the Galaxy,2014,8,2024-07-15,
user_41,1917,2019,8,2024-07-21,
user_22,Top Gun: Maverick,2022,7,2024-03-07,
user_25,"Synecdoche, New York",2008,7,2024-06-03,
user_27,The Martian,2015,8,2024-09-01,
user_31,Marriage Story,2019,5,2024-12-12,
user_22,Spring Breakers,2012,7,2024-07-21,
user_16,Inside Out 2,2024,6,2024-10-16,
user_12,Argo,2012,4,2024-02-24,
user_01,Oppenheimer,2023,3,2024-03-22,
user_32,Lincoln,2012,8,2024-03-16,
